,ORIGINAL,,,,1TS,,,7TS,,,25TS,,,100TS,,,FINAL,
Time,RAM,AVG,,Time,RAM,AVG,,RAM,AVG,,RAM,AVG,,RAM,AVG,,RAM,AVG
00:00.0,0.01633,26.56918,,00:00.0,0.345627335,0.261943534,,0.459284964,0.705007556,,0.375250611,0.497783456,,0.506232353,0.686320151,,0.025105523,0.358363254
00:01.0,0.006643613,26.56918,,00:01.0,0.338367093,0.261943534,,0.459284964,0.705007556,,0.256592664,0.497783456,,0.472425227,0.686320151,,0.008784863,0.358363254
00:02.0,0.008592941,26.56918,,00:02.0,0.338367093,0.261943534,,0.466545206,0.705007556,,0.25996503,0.497783456,,0.496219285,0.686320151,,0,0.358363254
00:03.0,0,26.56918,,00:03.0,0.338367093,0.261943534,,0.466047926,0.705007556,,0.364966923,0.497783456,,0.531046442,0.686320151,,0.001915195,0.358363254
00:04.0,0.002287468,26.56918,,00:04.0,0.338367093,0.261943534,,0.494412612,0.705007556,,0.363884447,0.497783456,,0.773774833,0.686320151,,0.322832936,0.358363254
00:05.0,0.043302868,26.56918,,00:05.0,0.336198974,0.261943534,,0.506307464,0.705007556,,0.374730188,0.497783456,,0.798672182,0.686320151,,0.313964812,0.358363254
00:06.0,0.041990052,26.56918,,00:06.0,0.353762787,0.261943534,,0.5035426,0.705007556,,0.371045549,0.497783456,,0.794050773,0.686320151,,0.322021078,0.358363254
00:07.0,28.44151427,26.56918,,00:07.0,0.391814415,0.261943534,,0.500220806,0.705007556,,0.367693976,0.497783456,,0.719275442,0.686320151,,0.325747347,0.358363254
00:08.0,28.46783016,26.56918,,00:08.0,0.403052871,0.261943534,,0.510623818,0.705007556,,0.36548737,0.497783456,,0.758807268,0.686320151,,0.329765072,0.358363254
00:09.0,28.45947592,26.56918,,00:09.0,0.411347463,0.261943534,,0.495387265,0.705007556,,0.365862064,0.497783456,,0.750709395,0.686320151,,0.328953192,0.358363254
00:10.0,28.43375675,26.56918,,00:10.0,0.448742672,0.261943534,,0.495427055,0.705007556,,0.368547486,0.497783456,,0.753748696,0.686320151,,0.321001024,0.358363254
00:11.0,28.38546122,26.56918,,00:11.0,0.451308629,0.261943534,,0.810660818,0.705007556,,0.372919091,0.497783456,,0.767966849,0.686320151,,0.316504529,0.358363254
00:12.0,28.63028057,26.56918,,00:12.0,0.463999133,0.261943534,,0.500996551,0.705007556,,0.370212854,0.497783456,,0.764781819,0.686320151,,0.328078866,0.358363254
00:13.0,28.27544367,26.56918,,00:13.0,0.495248009,0.261943534,,0.504994649,0.705007556,,0.368401758,0.497783456,,0.764885894,0.686320151,,0.323728076,0.358363254
00:14.0,28.25921255,26.56918,,00:14.0,0.496262452,0.261943534,,0.498370919,0.705007556,,0.361323916,0.497783456,,0.729808933,0.686320151,,0.326059596,0.358363254
00:15.0,28.24578607,26.56918,,00:15.0,0.488843094,0.261943534,,0.497555384,0.705007556,,0.358992396,0.497783456,,0.758786453,0.686320151,,0.316192256,0.358363254
00:16.0,28.20685923,26.56918,,00:16.0,0.492662168,0.261943534,,0.498112338,0.705007556,,0.35493304,0.497783456,,0.77660596,0.686320151,,0.310405088,0.358363254
00:17.0,28.19589924,26.56918,,00:17.0,0.804355345,0.261943534,,0.501076109,0.705007556,,0.347834383,0.497783456,,0.733556017,0.686320151,,0.315005682,0.358363254
00:18.0,28.48270869,26.56918,,00:18.0,0.501911529,0.261943534,,0.48094634,0.705007556,,0.354058715,0.497783456,,0.733035593,0.686320151,,0.309031154,0.358363254
00:19.0,28.26438423,26.56918,,00:19.0,0.50608865,0.261943534,,0.487152347,0.705007556,,0.355162029,0.497783456,,0.727456599,0.686320151,,0.323270098,0.358363254
00:20.0,28.23775009,26.56918,,00:20.0,0.498331129,0.261943534,,0.479255593,0.705007556,,0.349624665,0.497783456,,0.738468883,0.686320151,,0.311570847,0.358363254
00:21.0,28.21274698,26.56918,,00:21.0,0.496063545,0.261943534,,0.478101918,0.705007556,,0.350332446,0.497783456,,0.758099486,0.686320151,,0.309863826,0.358363254
00:22.0,28.20775433,26.56918,,00:22.0,0.487609836,0.261943534,,0.482756435,0.705007556,,0.352539076,0.497783456,,0.779582816,0.686320151,,0.30132879,0.358363254
00:23.0,28.15914055,26.56918,,00:23.0,0.482617179,0.261943534,,0.445122505,0.705007556,,0.356182084,0.497783456,,0.732411072,0.686320151,,0.285882433,0.358363254
00:24.0,28.1547844,26.56918,,00:24.0,0.472552306,0.261943534,,0.470543304,0.705007556,,0.363364001,0.497783456,,0.763033168,0.686320151,,0.289504626,0.358363254
00:25.0,28.11764775,26.56918,,00:25.0,0.47549617,0.261943534,,0.474203262,0.705007556,,0.355807366,0.497783456,,0.775086321,0.686320151,,0.286985748,0.358363254
00:26.0,28.10915427,26.56918,,00:26.0,0.469190697,0.261943534,,0.480986131,0.705007556,,0.353538292,0.497783456,,0.820155535,0.686320151,,0.293355808,0.358363254
00:27.0,28.09304249,26.56918,,00:27.0,0.476252032,0.261943534,,0.463959365,0.705007556,,0.261547137,0.497783456,,0.822445424,0.686320151,,0.27786782,0.358363254
00:28.0,28.07689093,26.56918,,00:28.0,0.47020514,0.261943534,,0.465610321,0.705007556,,0.254968903,0.497783456,,0.813598116,0.686320151,,0.285382825,0.358363254
00:29.0,28.1075232,26.56918,,00:29.0,0.468196161,0.261943534,,0.472114701,0.705007556,,0.251846341,0.497783456,,0.816366798,0.686320151,,0.423109322,0.358363254
00:30.0,28.07770647,26.56918,,00:30.0,0.464436738,0.261943534,,0.461552548,0.705007556,,0.258736825,0.497783456,,0.804105471,0.686320151,,0.426148647,0.358363254
00:31.0,28.07557814,26.56918,,00:31.0,0.589670963,0.261943534,,0.453417096,0.705007556,,0.258133118,0.497783456,,0.808039913,0.686320151,,0.425315951,0.358363254
00:32.0,28.07285304,26.56918,,00:32.0,0.592157338,0.261943534,,0.453337538,0.705007556,,0.28101122,0.497783456,,0.774878147,0.686320151,,0.405248185,0.358363254
00:33.0,28.07537921,26.56918,,00:33.0,0.60337591,0.261943534,,0.45614217,0.705007556,,0.274932594,0.497783456,,0.820072252,0.686320151,,0.404040795,0.358363254
00:34.0,28.08192338,26.56918,,00:34.0,0.588795752,0.261943534,,0.565383956,0.705007556,,0.273329672,0.497783456,,0.813431572,0.686320151,,0.403666077,0.358363254
00:35.0,28.07327077,26.56918,,00:35.0,0.593430363,0.261943534,,0.537834829,0.705007556,,0.269686664,0.497783456,,0.818719133,0.686320151,,0.406413945,0.358363254
00:36.0,28.07874082,26.56918,,00:36.0,0.585633074,0.261943534,,0.549292076,0.705007556,,0.272871694,0.497783456,,0.812911149,0.686320151,,0.40845403,0.358363254
00:37.0,28.07645333,26.56918,,00:37.0,0.594365248,0.261943534,,0.570595428,0.705007556,,0.29935115,0.497783456,,0.805645948,0.686320151,,0.34098553,0.358363254
00:38.0,28.0642601,26.56918,,00:38.0,0.59362927,0.261943534,,0.530395564,0.705007556,,0.299476064,0.497783456,,0.786993746,0.686320151,,0.34654371,0.358363254
00:39.0,28.06290752,26.56918,,00:39.0,0.598104764,0.261943534,,0.531230983,0.705007556,,0.273704389,0.497783456,,0.829106919,0.686320151,,0.350832054,0.358363254
00:40.0,28.07882038,26.56918,,00:40.0,0.457077031,0.261943534,,0.532842172,0.705007556,,0.272788433,0.497783456,,0.825963519,0.686320151,,0.342983985,0.358363254
00:41.0,28.06853669,26.56918,,00:41.0,0.454232609,0.261943534,,0.527531235,0.705007556,,0.267667393,0.497783456,,0.82565127,0.686320151,,0.346585363,0.358363254
00:42.0,28.08618008,26.56918,,00:42.0,0.456420635,0.261943534,,0.412262464,0.705007556,,0.544598443,0.497783456,,0.803397689,0.686320151,,0.347126601,0.358363254
00:43.0,28.06404131,26.56918,,00:43.0,0.434620003,0.261943534,,0.420298451,0.705007556,,0.61377394,0.497783456,,0.786764757,0.686320151,,0.397296017,0.358363254
00:44.0,28.0604808,26.56918,,00:44.0,0.436231191,0.261943534,,0.424992736,0.705007556,,0.263753766,0.497783456,,0.757287629,0.686320151,,0.396380061,0.358363254
00:45.0,28.07780593,26.56918,,00:45.0,0.434799027,0.261943534,,0.405598944,0.705007556,,0.255780784,0.497783456,,0.786868832,0.686320151,,0.373980776,0.358363254
00:46.0,28.07028711,26.56918,,00:46.0,0.425430341,0.261943534,,0.408721855,0.705007556,,0.266584894,0.497783456,,1.123357844,0.686320151,,0.376687013,0.358363254
00:47.0,28.04818813,26.56918,,00:47.0,0.424415898,0.261943534,,0.408522925,0.705007556,,0.270977337,0.497783456,,0.768632977,0.686320151,,0.375104905,0.358363254
00:48.0,27.7932243,26.56918,,00:48.0,0.420616684,0.261943534,,0.414351025,0.705007556,,0.264940341,0.497783456,,0.806645164,0.686320151,,0.367860519,0.358363254
00:49.0,27.78801283,26.56918,,00:49.0,0.451547327,0.261943534,,0.412441464,0.705007556,,0.266917981,0.497783456,,1.158185001,0.686320151,,0.371107995,0.358363254
00:50.0,27.79374147,26.56918,,00:50.0,0.450950582,0.261943534,,0.409517484,0.705007556,,0.272788433,0.497783456,,1.162806433,0.686320151,,0.375333894,0.358363254
00:51.0,27.794557,26.56918,,00:51.0,0.452641328,0.261943534,,0.415425142,0.705007556,,0.270144641,0.497783456,,1.166740875,0.686320151,,0.361074112,0.358363254
00:52.0,27.76370594,26.56918,,00:52.0,0.452740793,0.261943534,,0.426842622,0.705007556,,0.312944781,0.497783456,,1.163285226,0.686320151,,0.373897492,0.358363254
00:53.0,27.77566049,26.56918,,00:53.0,0.442178617,0.261943534,,0.41049216,0.705007556,,0.32381136,0.497783456,,1.16594981,0.686320151,,0.368339312,0.358363254
00:54.0,27.77641635,26.56918,,00:54.0,0.457395287,0.261943534,,0.424137432,0.705007556,,0.331534538,0.497783456,,1.138741756,0.686320151,,0.372107234,0.358363254
00:55.0,27.76442201,26.56918,,00:55.0,0.458469405,0.261943534,,0.428533368,0.705007556,,0.317066582,0.497783456,,1.158851153,0.686320151,,0.369858975,0.358363254
00:56.0,27.7626915,26.56918,,00:56.0,0.458250614,0.261943534,,0.408224575,0.705007556,,0.321729644,0.497783456,,1.120047923,0.686320151,,0.573700853,0.358363254
00:57.0,27.75610756,26.56918,,00:57.0,0.451447861,0.261943534,,0.412600604,0.705007556,,0.311050424,0.497783456,,1.140303049,0.686320151,,0.842138496,0.358363254
00:58.0,27.7687185,26.56918,,00:58.0,0.444366643,0.261943534,,0.408841181,0.705007556,,0.304888538,0.497783456,,1.043440681,0.686320151,,0.380912889,0.358363254
00:59.0,27.76121956,26.56918,,00:59.0,0.455664774,0.261943534,,0.40896053,0.705007556,,0.30257781,0.497783456,,1.063591708,0.686320151,,0.378851988,0.358363254
01:00.0,27.73997589,26.56918,,01:00.0,0.448265299,0.261943534,,0.413038209,0.705007556,,0.313548488,0.497783456,,1.075353427,0.686320151,,0.365195912,0.358363254
01:01.0,27.75628658,26.56918,,01:01.0,0.443570991,0.261943534,,0.414211792,0.705007556,,0.299600954,0.497783456,,1.093339478,0.686320151,,0.378081761,0.358363254
01:02.0,27.7472958,26.56918,,01:02.0,0.45103014,0.261943534,,0.40900032,0.705007556,,0.296436739,0.497783456,,1.004762342,0.686320151,,0.361719448,0.358363254
01:03.0,27.74311868,26.56918,,01:03.0,0.446017599,0.261943534,,0.416797632,0.705007556,,0.291190809,0.497783456,,1.017398364,0.686320151,,0.366715575,0.358363254
01:04.0,27.74134838,26.56918,,01:04.0,0.447250856,0.261943534,,0.425887853,0.705007556,,0.288963388,0.497783456,,1.036196295,0.686320151,,0.363780349,0.358363254
01:05.0,27.76066261,26.56918,,01:05.0,0.450632325,0.261943534,,0.412401697,0.705007556,,0.302307191,0.497783456,,1.004970516,0.686320151,,0.365924509,0.358363254
01:06.0,27.75980728,26.56918,,01:06.0,0.439990615,0.261943534,,0.413376349,0.705007556,,0.295645697,0.497783456,,1.03303208,0.686320151,,0.3592422,0.358363254
01:07.0,27.75155251,26.56918,,01:07.0,0.441920036,0.261943534,,0.425450248,0.705007556,,0.297685782,0.497783456,,1.029618061,0.686320151,,0.371149625,0.358363254
01:08.0,27.72068154,26.56918,,01:08.0,0.430363324,0.261943534,,0.414152118,0.705007556,,0.299642608,0.497783456,,1.009800099,0.686320151,,0.67474749,0.358363254
01:09.0,27.71751886,26.56918,,01:09.0,0.438757357,0.261943534,,0.413873629,0.705007556,,0.302182301,0.497783456,,1.028889464,0.686320151,,0.656324276,0.358363254
01:10.0,27.71248641,26.56918,,01:10.0,0.439254637,0.261943534,,0.405320479,0.705007556,,0.30241129,0.497783456,,1.05008136,0.686320151,,0.670958753,0.358363254
01:11.0,27.7201047,26.56918,,01:11.0,0.454371842,0.261943534,,0.635281205,0.705007556,,0.303556235,0.497783456,,1.072876179,0.686320151,,0.626118551,0.358363254
01:12.0,27.92904056,26.56918,,01:12.0,0.44661432,0.261943534,,0.736586447,0.705007556,,0.268749893,0.497783456,,1.036196295,0.686320151,,,
01:13.0,28.20467121,26.56918,,01:13.0,0.4433522,0.261943534,,0.413336582,0.705007556,,0.27786782,0.497783456,,1.060573221,0.686320151,,,
01:14.0,27.71769788,26.56918,,01:14.0,0.437782705,0.261943534,,0.41805075,0.705007556,,0.270082196,0.497783456,,0.669126841,0.686320151,,,
01:15.0,27.6989406,26.56918,,01:15.0,0.44281513,0.261943534,,0.410114229,0.705007556,,0.274911779,0.497783456,,0.659217849,0.686320151,,,
01:16.0,27.70303817,26.56918,,01:16.0,0.541693671,0.261943534,,0.414927863,0.705007556,,0.269811577,0.497783456,,0.68357396,0.686320151,,,
01:17.0,27.70570357,26.56918,,01:17.0,0.817284547,0.261943534,,0.408065436,0.705007556,,0.264170114,0.497783456,,0.697042677,0.686320151,,,
01:18.0,27.64054039,26.56918,,01:18.0,0.454351958,0.261943534,,0.414589723,0.705007556,,0.264648907,0.497783456,,0.716735749,0.686320151,,,
01:19.0,27.624727,26.56918,,01:19.0,0.449597999,0.261943534,,0.422566035,0.705007556,,0.270831608,0.497783456,,0.673810695,0.686320151,,,
01:20.0,27.62775045,26.56918,,01:20.0,0.443750015,0.261943534,,0.424913177,0.705007556,,0.258341292,0.497783456,,0.71981668,0.686320151,,,
01:21.0,27.62430928,26.56918,,01:21.0,0.454053586,0.261943534,,0.414370908,0.705007556,,0.256113871,0.497783456,,0.677828421,0.686320151,,,
01:22.0,27.62486623,26.56918,,01:22.0,0.456539984,0.261943534,,0.430204207,0.705007556,,0.258424576,0.497783456,,0.673290272,0.686320151,,,
01:23.0,27.6340758,26.56918,,01:23.0,0.442218408,0.261943534,,0.410810416,0.705007556,,0.250076875,0.497783456,,0.672478392,0.686320151,,,
01:24.0,27.63522948,26.56918,,01:24.0,0.45514761,0.261943534,,0.411128672,0.705007556,,0.271289586,0.497783456,,0.665712822,0.686320151,,,
01:25.0,27.62361309,26.56918,,01:25.0,0.451268838,0.261943534,,0.41854803,0.705007556,,0.255364436,0.497783456,,0.709990971,0.686320151,,,
01:26.0,27.63087333,26.56918,,01:26.0,0.460080593,0.261943534,,0.414728955,0.705007556,,0.249598082,0.497783456,,0.702829869,0.686320151,,,
01:27.0,27.62888424,26.56918,,01:27.0,0.452959584,0.261943534,,0.418070657,0.705007556,,0.248244964,0.497783456,,0.750709395,0.686320151,,,
01:28.0,27.63853139,26.56918,,01:28.0,0.464595854,0.261943534,,0.413436024,0.705007556,,0.257279631,0.497783456,,0.699166046,0.686320151,,,
01:29.0,27.61840162,26.56918,,01:29.0,0.464774878,0.261943534,,0.415186444,0.705007556,,0.246475497,0.497783456,,0.719795865,0.686320151,,,
01:30.0,27.61573622,26.56918,,01:30.0,0.457713544,0.261943534,,0.413555373,0.705007556,,0.242645131,0.497783456,,0.730620814,0.686320151,,,
01:31.0,27.61376701,26.56918,,01:31.0,0.469628302,0.261943534,,0.41391342,0.705007556,,0.243207207,0.497783456,,0.718380301,0.686320151,,,
01:32.0,27.61999292,26.56918,,01:32.0,0.468633743,0.261943534,,0.404723734,0.705007556,,0.24807842,0.497783456,,0.72304334,0.686320151,,,
01:33.0,27.62657686,26.56918,,01:33.0,0.458369963,0.261943534,,0.398816099,0.705007556,,0.168973114,0.497783456,,0.71896317,0.686320151,,,
01:34.0,27.62924226,26.56918,,01:34.0,0.455525541,0.261943534,,0.493258913,0.705007556,,0.159105775,0.497783456,,0.715715694,0.686320151,,,
01:35.0,27.62588068,26.56918,,01:35.0,0.469369721,0.261943534,,0.502070668,0.705007556,,0.167182833,0.497783456,,0.726353284,0.686320151,,,
01:36.0,27.61394603,26.56918,,01:36.0,0.453039142,0.261943534,,0.499266014,0.705007556,,0.147885294,0.497783456,,0.718338671,0.686320151,,,
01:37.0,27.62725317,26.56918,,01:37.0,0.469230488,0.261943534,,0.519634481,0.705007556,,0.14844737,0.497783456,,0.72416747,0.686320151,,,
01:38.0,27.63530904,26.56918,,01:38.0,0.468414952,0.261943534,,0.501255132,0.705007556,,0.144596188,0.497783456,,0.655137678,0.686320151,,,
01:39.0,27.61591525,26.56918,,01:39.0,0.482895644,0.261943534,,0.504775858,0.705007556,,0.147947762,0.497783456,,0.672166143,0.686320151,,,
01:40.0,27.61330952,26.56918,,01:40.0,0.469429395,0.261943534,,0.486555626,0.705007556,,0.150133553,0.497783456,,0.67801578,0.686320151,,,
01:41.0,27.60081792,26.56918,,01:41.0,0.461035362,0.261943534,,0.487689418,0.705007556,,0.13683138,0.497783456,,0.721003255,0.686320151,,,
01:42.0,27.61663132,26.56918,,01:42.0,0.449697441,0.261943534,,0.499186455,0.705007556,,0.517390366,0.497783456,,0.754081784,0.686320151,,,
01:43.0,27.61575611,26.56918,,01:43.0,0.469210604,0.261943534,,0.494193798,0.705007556,,0.195619115,0.497783456,,0.752395578,0.686320151,,,
01:44.0,27.61762588,26.56918,,01:44.0,0.479991548,0.261943534,,0.490275258,0.705007556,,0.18294144,0.497783456,,0.680139125,0.686320151,,,
01:45.0,27.60324462,26.56918,,01:45.0,0.486177672,0.261943534,,0.500439596,0.705007556,,0.187666947,0.497783456,,0.86628641,0.686320151,,,
01:46.0,27.5993062,26.56918,,01:46.0,0.485461601,0.261943534,,0.501951319,0.705007556,,0.197846559,0.497783456,,1.147859684,0.686320151,,,
01:47.0,27.61529862,26.56918,,01:47.0,0.47653052,0.261943534,,0.389427506,0.705007556,,0.204341509,0.497783456,,0.73368093,0.686320151,,,
01:48.0,27.58367181,26.56918,,01:48.0,0.564588304,0.261943534,,0.40436571,0.705007556,,0.18891599,0.497783456,,0.742174336,0.686320151,,,
01:49.0,27.58309497,26.56918,,01:49.0,0.563752884,0.261943534,,0.389168924,0.705007556,,0.194453355,0.497783456,,0.73919748,0.686320151,,,
01:50.0,27.58554158,26.56918,,01:50.0,0.56198258,0.261943534,,0.382226938,0.705007556,,0.175176631,0.497783456,,0.741695543,0.686320151,,,
01:51.0,27.59751599,26.56918,,01:51.0,0.566915563,0.261943534,,0.388373272,0.705007556,,0.1861681,0.497783456,,0.699519925,0.686320151,,,
01:52.0,27.59433343,26.56918,,01:52.0,0.576264365,0.261943534,,0.372619531,0.705007556,,0.237607374,0.497783456,,0.746108801,0.686320151,,,
01:53.0,27.58406962,26.56918,,01:53.0,0.581734418,0.261943534,,0.366433407,0.705007556,,0.23090425,0.497783456,,0.700602424,0.686320151,,,
01:54.0,27.60913238,26.56918,,01:54.0,0.581615069,0.261943534,,0.376060698,0.705007556,,0.238086167,0.497783456,,0.714320946,0.686320151,,,
01:55.0,27.65977507,26.56918,,01:55.0,0.585533609,0.261943534,,0.338943955,0.705007556,,0.235858746,0.497783456,,0.723771961,0.686320151,,,
01:56.0,27.70922429,26.56918,,01:56.0,0.583405257,0.261943534,,0.340793817,0.705007556,,0.236649788,0.497783456,,0.745463465,0.686320151,,,
01:57.0,27.71724039,26.56918,,01:57.0,0.577676646,0.261943534,,0.345448335,0.705007556,,0.224076212,0.497783456,,0.735596102,0.686320151,,,
01:58.0,27.70365477,26.56918,,01:58.0,0.507282117,0.261943534,,0.338128419,0.705007556,,0.235504843,0.497783456,,0.727872946,0.686320151,,,
01:59.0,27.70268012,26.56918,,01:59.0,0.515656266,0.261943534,,0.337432232,0.705007556,,0.225804024,0.497783456,,0.73565857,0.686320151,,,
02:00.0,27.71883168,26.56918,,02:00.0,0.38779641,0.261943534,,0.334647484,0.705007556,,0.225117058,0.497783456,,0.700186077,0.686320151,,,
02:01.0,27.68493728,26.56918,,02:01.0,0.396389375,0.261943534,,0.326472242,0.705007556,,0.231903466,0.497783456,,0.726478174,0.686320151,,,
02:02.0,27.68861713,26.56918,,02:02.0,0.413535466,0.261943534,,0.33629844,0.705007556,,0.222514919,0.497783456,,0.719150528,0.686320151,,,
02:03.0,27.6755089,26.56918,,02:03.0,0.453715446,0.261943534,,0.328680151,0.705007556,,0.206881203,0.497783456,,0.763241342,0.686320151,,,
02:04.0,27.68151602,26.56918,,02:04.0,0.466704322,0.261943534,,0.3263728,0.705007556,,0.211627525,0.497783456,,0.635965052,0.686320151,,,
02:05.0,27.71011939,26.56918,,02:05.0,0.475754752,0.261943534,,0.325656706,0.705007556,,0.207443279,0.497783456,,0.603323709,0.686320151,,,
02:06.0,27.69223732,26.56918,,02:06.0,0.469807326,0.261943534,,0.321041979,0.705007556,,0.208609039,0.497783456,,0.645187078,0.686320151,,,
02:07.0,27.71093492,26.56918,,02:07.0,0.469628302,0.261943534,,0.32979406,0.705007556,,0.214000698,0.497783456,,0.637422246,0.686320151,,,
02:08.0,27.71155155,26.56918,,02:08.0,0.361659541,0.261943534,,0.328898965,0.705007556,,0.210940559,0.497783456,,0.638088398,0.686320151,,,
02:09.0,27.71071611,26.56918,,02:09.0,0.376677304,0.261943534,,0.323389121,0.705007556,,0.218642922,0.497783456,,0.63319637,0.686320151,,,
02:10.0,27.69150134,26.56918,,02:10.0,0.372062577,0.261943534,,0.334766833,0.705007556,,0.212855754,0.497783456,,0.622017542,0.686320151,,,
02:11.0,27.68662803,26.56918,,02:11.0,0.416857284,0.261943534,,0.651571993,0.705007556,,0.213438622,0.497783456,,0.6034486,0.686320151,,,
02:12.0,27.99822174,26.56918,,02:12.0,0.442894711,0.261943534,,0.328202779,0.705007556,,0.219996041,0.497783456,,0.630948111,0.686320151,,,
02:13.0,27.69577793,26.56918,,02:13.0,0.471438398,0.261943534,,0.339202536,0.705007556,,0.243706815,0.497783456,,0.597536517,0.686320151,,,
02:14.0,27.69599672,26.56918,,02:14.0,0.473546842,0.261943534,,0.337273092,0.705007556,,0.220516464,0.497783456,,0.619623554,0.686320151,,,
02:15.0,27.69532041,26.56918,,02:15.0,0.474541402,0.261943534,,0.324363797,0.705007556,,0.219163345,0.497783456,,0.626680581,0.686320151,,,
02:16.0,27.67660293,26.56918,,02:16.0,0.478698639,0.261943534,,0.326571707,0.705007556,,0.235837931,0.497783456,,0.650620344,0.686320151,,,
02:17.0,27.68722475,26.56918,,02:17.0,0.787010323,0.261943534,,0.33458781,0.705007556,,0.217726966,0.497783456,,0.659446838,0.686320151,,,
02:18.0,27.68221221,26.56918,,02:18.0,0.477664312,0.261943534,,0.316029438,0.705007556,,0.22461745,0.497783456,,0.658197818,0.686320151,,,
02:19.0,27.67857214,26.56918,,02:19.0,0.468593976,0.261943534,,0.289176474,0.705007556,,0.235150941,0.497783456,,0.657573296,0.686320151,,,
02:20.0,27.66894485,26.56918,,02:20.0,0.471040583,0.261943534,,0.292518176,0.705007556,,0.215374632,0.497783456,,0.637859409,0.686320151,,,
02:21.0,27.67529011,26.56918,,02:21.0,0.470583071,0.261943534,,0.313383923,0.705007556,,0.217019185,0.497783456,,0.672270218,0.686320151,,,
02:22.0,27.66246037,26.56918,,02:22.0,0.468912232,0.261943534,,0.313861296,0.705007556,,0.228926609,0.497783456,,1.016128529,0.686320151,,,
02:23.0,27.68225198,26.56918,,02:23.0,0.448384648,0.261943534,,0.307237567,0.705007556,,0.230009109,0.497783456,,1.020271145,0.686320151,,,
02:24.0,27.66956147,26.56918,,02:24.0,0.416797609,0.261943534,,0.318575488,0.705007556,,0.276410626,0.497783456,,1.025392162,0.686320151,,,
02:25.0,27.66604075,26.56918,,02:25.0,0.38950704,0.261943534,,0.309763732,0.705007556,,0.268500089,0.497783456,,1.006094646,0.686320151,,,
02:26.0,27.6616846,26.56918,,02:26.0,0.371724437,0.261943534,,0.310957199,0.705007556,,0.273725204,0.497783456,,1.0630921,0.686320151,,,
02:27.0,27.7954521,26.56918,,02:27.0,0.350421085,0.261943534,,0.311514153,0.705007556,,0.282426784,0.497783456,,0.635673618,0.686320151,,,
02:28.0,27.80492025,26.56918,,02:28.0,0.356129836,0.261943534,,0.28740617,0.705007556,,0.277035125,0.497783456,,0.668273331,0.686320151,,,
02:29.0,27.82009715,26.56918,,02:29.0,0.353424647,0.261943534,,0.290529057,0.705007556,,0.276181637,0.497783456,,0.659134588,0.686320151,,,
02:30.0,27.81987834,26.56918,,02:30.0,0.335482881,0.261943534,,0.299460162,0.705007556,,0.268208655,0.497783456,,0.70901257,0.686320151,,,
02:31.0,27.82455274,26.56918,,02:31.0,0.311553921,0.261943534,,0.289017358,0.705007556,,0.239626644,0.497783456,,0.734180538,0.686320151,,,
02:32.0,27.82455274,26.56918,,02:32.0,0.304074888,0.261943534,,0.298067788,0.705007556,,0.241396111,0.497783456,,0.783579727,0.686320151,,,
02:33.0,27.85176375,26.56918,,02:33.0,0.260016136,0.261943534,,0.300275697,0.705007556,,0.241999817,0.497783456,,0.957944477,0.686320151,,,
,,,,02:34.0,0.248200842,0.261943534,,0.30296098,0.705007556,,0.245871814,0.497783456,,1.00526195,0.686320151,,,
,,,,02:35.0,0.182281807,0.261943534,,0.250448543,0.705007556,,0.241500186,0.497783456,,1.035113796,0.686320151,,,
,,,,02:36.0,0.131460116,0.261943534,,0.266480749,0.705007556,,0.246038335,0.497783456,,1.057013474,0.686320151,,,
,,,,02:37.0,0.084377942,0.261943534,,0.279668532,0.705007556,,0.243810914,0.497783456,,1.047104504,0.686320151,,,
,,,,02:38.0,0.054441858,0.261943534,,0,0.705007556,,0.249389908,0.497783456,,1.052850043,0.686320151,,,
,,,,02:39.0,0.045093056,0.261943534,,0.02442624,0.705007556,,0.254510925,0.497783456,,1.036695903,0.686320151,,,
,,,,02:40.0,0.021780725,0.261943534,,0.034670159,0.705007556,,0.16118749,0.497783456,,1.038756804,0.686320151,,,
,,,,02:41.0,0.024664938,0.261943534,,0.05181625,0.705007556,,0.154484343,0.497783456,,1.033614972,0.686320151,,,
,,,,02:42.0,0.015276344,0.261943534,,0.061264518,0.705007556,,0.440554135,0.497783456,,1.010070718,0.686320151,,,
,,,,02:43.0,0.011019642,0.261943534,,0.103672291,0.705007556,,0.521012559,0.497783456,,1.031720592,0.686320151,,,
,,,,02:44.0,0.023352122,0.261943534,,0.092592975,0.705007556,,0.172636937,0.497783456,,1.056180801,0.686320151,,,
,,,,02:45.0,0.009309012,0.261943534,,0.104408269,0.705007556,,0.158189819,0.497783456,,1.05999033,0.686320151,,,
,,,,02:46.0,0.024028402,0.261943534,,0.113856536,0.705007556,,0.171762612,0.497783456,,0.923450408,0.686320151,,,
,,,,02:47.0,0.022795168,0.261943534,,0.100151566,0.705007556,,0.186022394,0.497783456,,0.672228588,0.686320151,,,
,,,,02:48.0,0.023968751,0.261943534,,0.111986767,0.705007556,,0.179943768,0.497783456,,0.14009967,0.686320151,,,
,,,,02:49.0,0.022596261,0.261943534,,0.059016841,0.705007556,,0.182358571,0.497783456,,0.215561967,0.686320151,,,
,,,,02:50.0,0.014281785,0.261943534,,0.062637008,0.705007556,,0.189561304,0.497783456,,0.251575699,0.686320151,,,
,,,,02:51.0,0.016788067,0.261943534,,0.055714906,0.705007556,,0.196243636,0.497783456,,0.261193235,0.686320151,,,
,,,,02:52.0,0.035366323,0.261943534,,0.074551767,0.705007556,,0.238023722,0.497783456,,0.488079758,0.686320151,,,
,,,,02:53.0,0.011437363,0.261943534,,0.049668015,0.705007556,,0.236129365,0.497783456,,0.578530436,0.686320151,,,
,,,,02:54.0,0.024485914,0.261943534,,0.06206017,0.705007556,,0.246079965,0.497783456,,0.660321163,0.686320151,,,
,,,,02:55.0,0.029160315,0.261943534,,0.057584676,0.705007556,,0.234963605,0.497783456,,0.64270983,0.686320151,,,
,,,,02:56.0,0.025440683,0.261943534,,0.058022281,0.705007556,,0.236337539,0.497783456,,0.603427785,0.686320151,,,
,,,,02:57.0,0.012312573,0.261943534,,0.045112963,0.705007556,,0.22663672,0.497783456,,0.637318171,0.686320151,,,
,,,,02:58.0,0.006404915,0.261943534,,0.060946262,0.705007556,,0.238856417,0.497783456,,0.620248076,0.686320151,,,
,,,,02:59.0,0.001631072,0.261943534,,0.045530684,0.705007556,,0.21901764,0.497783456,,0.650099921,0.686320151,,,
,,,,03:00.0,0,0.261943534,,0.066396408,0.705007556,,0.21918416,0.497783456,,0.662902487,0.686320151,,,
,,,,03:01.0,0.011218549,0.261943534,,0.080041704,0.705007556,,0.216290588,0.497783456,,0.668897852,0.686320151,,,
,,,,03:02.0,0.015077437,0.261943534,,0.075586094,0.705007556,,0.224700733,0.497783456,,0.66652468,0.686320151,,,
,,,,03:03.0,0.013466249,0.261943534,,0.059056608,0.705007556,,0.217726966,0.497783456,,0.669106026,0.686320151,,,
,,,,03:04.0,0.129311881,0.261943534,,0.071389088,0.705007556,,0.229551131,0.497783456,,0.660883216,0.686320151,,,
,,,,03:05.0,0.138044055,0.261943534,,0.070951483,0.705007556,,0.22345169,0.497783456,,0.630635861,0.686320151,,,
,,,,03:06.0,0.144429109,0.261943534,,0.070692902,0.705007556,,0.224992167,0.497783456,,0.657219393,0.686320151,,,
,,,,03:07.0,0.124677271,0.261943534,,0.084099476,0.705007556,,0.216332218,0.497783456,,0.677620247,0.686320151,,,
,,,,03:08.0,0.132036954,0.261943534,,0.072940579,0.705007556,,0.230820966,0.497783456,,0.629532547,0.686320151,,,
,,,,03:09.0,0.132136419,0.261943534,,0.073875464,0.705007556,,0.227552676,0.497783456,,0.629844796,0.686320151,,,
,,,,03:10.0,0.13472226,0.261943534,,0.135517912,0.705007556,,0.225762394,0.497783456,,0.565894414,0.686320151,,,
,,,,03:11.0,0.145284412,0.261943534,,0.387478178,0.705007556,,0.227885763,0.497783456,,0.550822751,0.686320151,,,
,,,,03:12.0,0.133210537,0.261943534,,0.60882608,0.705007556,,0.221307529,0.497783456,,0.56456211,0.686320151,,,
,,,,03:13.0,0.136711355,0.261943534,,0.145960716,0.705007556,,0.233464758,0.497783456,,0.583276758,0.686320151,,,
,,,,03:14.0,0.037514558,0.261943534,,0.147193973,0.705007556,,0.22345169,0.497783456,,0.586607494,0.686320151,,,
,,,,03:15.0,0.028384547,0.261943534,,0.145980623,0.705007556,,0.22659509,0.497783456,,0.547075668,0.686320151,,,
,,,,03:16.0,0.12429934,0.261943534,,0.16603081,0.705007556,,0.222931267,0.497783456,,0.597827975,0.686320151,,,
,,,,03:17.0,0.397065654,0.261943534,,0.181307178,0.705007556,,0.221994496,0.497783456,,0.578967598,0.686320151,,,
,,,,03:18.0,0.035963068,0.261943534,,0.191292493,0.705007556,,0.224284385,0.497783456,,0.585837267,0.686320151,,,
,,,,03:19.0,0.027807709,0.261943534,,0.186140696,0.705007556,,0.233277399,0.497783456,,0.578155718,0.686320151,,,
,,,,03:20.0,0.031069852,0.261943534,,0.17798536,0.705007556,,0.231195684,0.497783456,,0.585025409,0.686320151,,,
,,,,03:21.0,0.019970629,0.261943534,,0.187393837,0.705007556,,0.229155598,0.497783456,,0.589813362,0.686320151,,,
,,,,03:22.0,0.021323236,0.261943534,,0.164678227,0.705007556,,0.230009109,0.497783456,,0.569245964,0.686320151,,,
,,,,03:23.0,0.016410137,0.261943534,,0.149680348,0.705007556,,0.226990623,0.497783456,,0.589771709,0.686320151,,,
,,,,03:24.0,0.043481891,0.261943534,,0.151052838,0.705007556,,0.22228593,0.497783456,,0.595538085,0.686320151,,,
,,,,03:25.0,0.04751978,0.261943534,,0.152604352,0.705007556,,0.233693747,0.497783456,,0.59047949,0.686320151,,,
,,,,03:26.0,0.03880749,0.261943534,,0.165056158,0.705007556,,0.231986749,0.497783456,,0.609173346,0.686320151,,,
,,,,03:27.0,0.034590578,0.261943534,,0.141704036,0.705007556,,0.228884979,0.497783456,,0.611775485,0.686320151,,,
,,,,03:28.0,0.053447322,0.261943534,,0.141942734,0.705007556,,0.250326679,0.497783456,,0.545118842,0.686320151,,,
,,,,03:29.0,0.047838036,0.261943534,,0.144727482,0.705007556,,0.23816945,0.497783456,,0.567892846,0.686320151,,,
,,,,03:30.0,0.020945305,0.261943534,,0.138024194,0.705007556,,0.226470176,0.497783456,,0.524489023,0.686320151,,,
,,,,03:31.0,0.034829276,0.261943534,,0.153419888,0.705007556,,0.227740035,0.497783456,,0.557817333,0.686320151,,,
,,,,03:32.0,0.042785704,0.261943534,,0.138461799,0.705007556,,0.226470176,0.497783456,,0.564353936,0.686320151,,,
,,,,03:33.0,0.032104179,0.261943534,,0.148327765,0.705007556,,0.230425457,0.497783456,,0.567455683,0.686320151,,,
,,,,03:34.0,0.039006397,0.261943534,,0.157835707,0.705007556,,0.230675261,0.497783456,,0.56805939,0.686320151,,,
,,,,03:35.0,0.039085955,0.261943534,,0.148347649,0.705007556,,0.225096243,0.497783456,,0.562709384,0.686320151,,,
,,,,03:36.0,0.032601459,0.261943534,,0.156184728,0.705007556,,0.221265899,0.497783456,,0.557775702,0.686320151,,,
,,,,03:37.0,0.038330094,0.261943534,,0.159068941,0.705007556,,0.213313731,0.497783456,,0.547096483,0.686320151,,,
,,,,03:38.0,0.037454884,0.261943534,,0.156025612,0.705007556,,0.212939014,0.497783456,,0.557525898,0.686320151,,,
,,,,03:39.0,0.047042384,0.261943534,,0.143732922,0.705007556,,0.214063143,0.497783456,,0.030684518,0.686320151,,,
,,,,03:40.0,0.045093056,0.261943534,,0.14275827,0.705007556,,0.210732385,0.497783456,,0.074150809,0.686320151,,,
,,,,03:41.0,0.047042384,0.261943534,,0.172057818,0.705007556,,0.213834154,0.497783456,,0.123674888,0.686320151,,,
,,,,03:42.0,0.046405871,0.261943534,,0.147174089,0.705007556,,0.548990863,0.497783456,,0.353850541,0.686320151,,,
,,,,03:43.0,0.025420799,0.261943534,,0.150674908,0.705007556,,0.223763962,0.497783456,,0.432539499,0.686320151,,,
,,,,03:44.0,0.03264125,0.261943534,,0.148546556,0.705007556,,0.216103229,0.497783456,,0.510333339,0.686320151,,,
,,,,03:45.0,0.034530903,0.261943534,,0.148705696,0.705007556,,0.210024603,0.497783456,,0.627617352,0.686320151,,,
,,,,03:46.0,0.04002084,0.261943534,,0.142718479,0.705007556,,0.161291566,0.497783456,,0.964834984,0.686320151,,,
,,,,03:47.0,0.193719193,0.261943534,,0.149680348,0.705007556,,0.170347048,0.497783456,,0.567622227,0.686320151,,,
,,,,03:48.0,0.179914781,0.261943534,,0.148964278,0.705007556,,0.146282371,0.497783456,,0.528590009,0.686320151,,,
,,,,03:49.0,0.176931126,0.261943534,,0.14552311,0.705007556,,0.149800489,0.497783456,,0.55186362,0.686320151,,,
,,,,03:50.0,0.171719655,0.261943534,,0.151132396,0.705007556,,0.153172878,0.497783456,,0.569183519,0.686320151,,,
,,,,03:51.0,0.175717752,0.261943534,,0.147989625,0.705007556,,0.156441168,0.497783456,,0.591666089,0.686320151,,,
,,,,03:52.0,0.166229717,0.261943534,,0.14514518,0.705007556,,0.213147188,0.497783456,,0.598723116,0.686320151,,,
,,,,03:53.0,0.146915484,0.261943534,,0.156781473,0.705007556,,0.203758641,0.497783456,,0.526133576,0.686320151,,,
,,,,03:54.0,0.143454433,0.261943534,,0.151371094,0.705007556,,0.213417807,0.497783456,,0.553154294,0.686320151,,,
,,,,03:55.0,0.145562901,0.261943534,,0.151908165,0.705007556,,0.213063927,0.497783456,,0.556859747,0.686320151,,,
,,,,03:56.0,0.149819581,0.261943534,,0.172216934,0.705007556,,0.211773254,0.497783456,,0.953781046,0.686320151,,,
,,,,03:57.0,0.152126956,0.261943534,,0.145662366,0.705007556,,0.235983636,0.497783456,,0.968686166,0.686320151,,,
,,,,03:58.0,0.148586324,0.261943534,,0.139496126,0.705007556,,0.258611911,0.497783456,,0.963440212,0.686320151,,,
,,,,03:59.0,0.148108951,0.261943534,,0.149740023,0.705007556,,0.231653662,0.497783456,,0.968144904,0.686320151,,,
,,,,04:00.0,0.146139739,0.261943534,,0.14739288,0.705007556,,0.236170995,0.497783456,,0.971975271,0.686320151,,,
,,,,04:01.0,0.160938688,0.261943534,,0.143713038,0.705007556,,0.23215327,0.497783456,,0.920161302,0.686320151,,,
,,,,04:02.0,0.152584445,0.261943534,,0.150714698,0.705007556,,0.225283601,0.497783456,,0.957965292,0.686320151,,,
,,,,04:03.0,0.186956232,0.261943534,,0.139774592,0.705007556,,0.237482484,0.497783456,,0.965771754,0.686320151,,,
,,,,04:04.0,0.170884235,0.261943534,,0.139376777,0.705007556,,0.234005996,0.497783456,,0.927905296,0.686320151,,,
,,,,04:05.0,0.169631094,0.261943534,,0.164419645,0.705007556,,0.230175653,0.497783456,,0.933317747,0.686320151,,,
,,,,04:06.0,0.192804192,0.261943534,,0.711304904,0.705007556,,0.230800151,0.497783456,,0.932089542,0.686320151,,,
,,,,04:07.0,0.192366587,0.261943534,,0.917376462,0.705007556,,0.235608942,0.497783456,,0.929674739,0.686320151,,,
,,,,04:08.0,0.322334888,0.261943534,,0.918172091,0.705007556,,0.232569617,0.497783456,,1.082681073,0.686320151,,,
,,,,04:09.0,0.223197765,0.261943534,,0.918311323,0.705007556,,0.221661408,0.497783456,,1.064549294,0.686320151,,,
,,,,04:10.0,0.257867901,0.261943534,,0.923542679,0.705007556,,0.2233268,0.497783456,,1.11122143,0.686320151,,,
,,,,04:11.0,0.272985129,0.261943534,,1.280527842,0.705007556,,0.227053068,0.497783456,,1.135410997,0.686320151,,,
,,,,04:12.0,0.268390286,0.261943534,,0.973151019,0.705007556,,0.240313611,0.497783456,,1.127438015,0.686320151,,,
,,,,04:13.0,0.413674698,0.261943534,,0.926327426,0.705007556,,0.252574938,0.497783456,,0.735575287,0.686320151,,,
,,,,04:14.0,0.411247998,0.261943534,,1.07234784,0.705007556,,0.242103892,0.497783456,,0.748336222,0.686320151,,,
,,,,04:15.0,0.404405478,0.261943534,,1.084222808,0.705007556,,0.238356809,0.497783456,,0.755538978,0.686320151,,,
,,,,04:16.0,0.425271201,0.261943534,,1.104372461,0.705007556,,0.236420799,0.497783456,,0.736428797,0.686320151,,,
,,,,04:17.0,0.621417118,0.261943534,,1.104810066,0.705007556,,0.23816945,0.497783456,,0.66854395,0.686320151,,,
,,,,04:18.0,0.313165109,0.261943534,,1.085117902,0.705007556,,0.241416926,0.497783456,,0.631406089,0.686320151,,,
,,,,04:19.0,0.298783858,0.261943534,,0.955149601,0.705007556,,0.240376056,0.497783456,,0.635278085,0.686320151,,,
,,,,04:20.0,0.314159645,0.261943534,,0.934423111,0.705007556,,0.24605915,0.497783456,,0.676787552,0.686320151,,,
,,,,04:21.0,0.305467262,0.261943534,,0.947272731,0.705007556,,0.27907521,0.497783456,,0.632009795,0.686320151,,,
,,,,04:22.0,0.319828605,0.261943534,,0.948983361,0.705007556,,0.250805472,0.497783456,,0.646415283,0.686320151,,,
,,,,04:23.0,0.320007629,0.261943534,,0.948983361,0.705007556,,0.220141769,0.497783456,,0.657365122,0.686320151,,,
,,,,04:24.0,0.325238984,0.261943534,,0.941404863,0.705007556,,0.236649788,0.497783456,,0.653867843,0.686320151,,,
,,,,04:25.0,0.333274971,0.261943534,,0.966169266,0.705007556,,0.273662759,0.497783456,,0.648496999,0.686320151,,,
,,,,04:26.0,0.330947712,0.261943534,,0.997716515,0.705007556,,0.326933921,0.497783456,,0.69712596,0.686320151,,,
,,,,04:27.0,0.3120512,0.261943534,,0.993280788,0.705007556,,0.358971581,0.497783456,,0.675330358,0.686320151,,,
,,,,04:28.0,0.310261012,0.261943534,,0.945283636,0.705007556,,0.370337768,0.497783456,,0.638317387,0.686320151,,,
,,,,04:29.0,0.316268113,0.261943534,,0.959724561,0.705007556,,0.380246737,0.497783456,,0.660799956,0.686320151,,,
,,,,04:30.0,0.309246569,0.261943534,,0.950594549,0.705007556,,0.426898059,0.497783456,,0.657052873,0.686320151,,,
,,,,04:31.0,0.312667829,0.261943534,,0.950614433,0.705007556,,0.422214205,0.497783456,,0.683802948,0.686320151,,,
,,,,04:32.0,0.311812502,0.261943534,,0.959545537,0.705007556,,0.454064482,0.497783456,,0.696210005,0.686320151,,,
,,,,04:33.0,0.324144983,0.261943534,,0.969590526,0.705007556,,0.475443737,0.497783456,,0.684260926,0.686320151,,,
,,,,04:34.0,0.317441672,0.261943534,,0.992385694,0.705007556,,0.396171887,0.497783456,,0.721086539,0.686320151,,,
,,,,04:35.0,0.304890401,0.261943534,,0.951390201,0.705007556,,0.419070805,0.497783456,,0.665463018,0.686320151,,,
,,,,04:36.0,0.321022072,0.261943534,,0.928276754,0.705007556,,0.431602751,0.497783456,,0.687529217,0.686320151,,,
,,,,04:37.0,0.309007871,0.261943534,,0.932314643,0.705007556,,0.465826201,0.497783456,,0.680576288,0.686320151,,,
,,,,04:38.0,0.321817724,0.261943534,,0.921314885,0.705007556,,0.566852,0.497783456,,0.702663325,0.686320151,,,
,,,,04:39.0,0.330967619,0.261943534,,0.911866618,0.705007556,,0.625244226,0.497783456,,0.704203802,0.686320151,,,
,,,,04:40.0,0.337830046,0.261943534,,0.904864958,0.705007556,,0.681325724,0.497783456,,0.715549151,0.686320151,,,
,,,,04:41.0,0.330987503,0.261943534,,0.909479684,0.705007556,,0.729933847,0.497783456,,0.637338986,0.686320151,,,
,,,,04:42.0,0.335900602,0.261943534,,0.908345892,0.705007556,,0.986297522,0.497783456,,0.606945902,0.686320151,,,
,,,,04:43.0,0.34160933,0.261943534,,0.909141544,0.705007556,,1.081432053,0.497783456,,0.638671289,0.686320151,,,
,,,,04:44.0,0.444306969,0.261943534,,0.913756271,0.705007556,,0.755393272,0.497783456,,0.643251068,0.686320151,,,
,,,,04:45.0,0.344672566,0.261943534,,0.909758173,0.705007556,,0.781768654,0.497783456,,0.624744594,0.686320151,,,
,,,,04:46.0,0.372241601,0.261943534,,0.938858814,0.705007556,,0.786993769,0.497783456,,0.975826453,0.686320151,,,
,,,,04:47.0,0.379362609,0.261943534,,1.050646673,0.705007556,,0.79236459,0.497783456,,0.663610269,0.686320151,,,
,,,,04:48.0,0.383320917,0.261943534,,1.050905255,0.705007556,,0.829440006,0.497783456,,0.820134697,0.686320151,,,
,,,,04:49.0,0.409994857,0.261943534,,1.054823795,0.705007556,,0.831376016,0.497783456,,0.659509283,0.686320151,,,
,,,,04:50.0,0.427777483,0.261943534,,1.054525422,0.705007556,,0.878360402,0.497783456,,0.672124513,0.686320151,,,
,,,,04:51.0,0.440666895,0.261943534,,1.054406073,0.705007556,,0.737240678,0.497783456,,0.619727653,0.686320151,,,
,,,,04:52.0,0.431318092,0.261943534,,0.913915411,0.705007556,,0.732140476,0.497783456,,0.642335112,0.686320151,,,
,,,,04:53.0,0.319689373,0.261943534,,0.918709161,0.705007556,,0.73126615,0.497783456,,0.618499424,0.686320151,,,
,,,,04:54.0,0.318814162,0.261943534,,0.93917707,0.705007556,,0.728559913,0.497783456,,0.639441516,0.686320151,,,
,,,,04:55.0,0.220751157,0.261943534,,0.922209979,0.705007556,,0.737677841,0.497783456,,0.650537084,0.686320151,,,
,,,,04:56.0,0.227355002,0.261943534,,0.932632899,0.705007556,,0.733535225,0.497783456,,0.651224051,0.686320151,,,
,,,,04:57.0,0.232805149,0.261943534,,0.922627701,0.705007556,,0.744526694,0.497783456,,0.677224714,0.686320151,,,
,,,,04:58.0,0.206310232,0.261943534,,0.925750588,0.705007556,,0.704078912,0.497783456,,0.700290152,0.686320151,,,
,,,,04:59.0,0.149143278,0.261943534,,0.913199317,0.705007556,,0.727352523,0.497783456,,0.615793211,0.686320151,,,
,,,,05:00.0,0.169173605,0.261943534,,0.913239108,0.705007556,,0.735200592,0.497783456,,0.661216304,0.686320151,,,
,,,,05:01.0,0.180213153,0.261943534,,0.914114318,0.705007556,,0.759639987,0.497783456,,0.661840825,0.686320151,,,
,,,,05:02.0,0.183137134,0.261943534,,0.921672932,0.705007556,,0.803605886,0.497783456,,0.65894723,0.686320151,,,
,,,,05:03.0,0.208677282,0.261943534,,0.91950479,0.705007556,,0.715736533,0.497783456,,0.654513179,0.686320151,,,
,,,,05:04.0,0.255739573,0.261943534,,0.921454118,0.705007556,,0.717839063,0.497783456,,0.665379735,0.686320151,,,
,,,,05:05.0,0.25269622,0.261943534,,0.913676713,0.705007556,,0.723730331,0.497783456,,0.618707598,0.686320151,,,
,,,,05:06.0,0.247683679,0.261943534,,0.903651607,0.705007556,,0.70264251,0.497783456,,0.63758879,0.686320151,,,
,,,,05:07.0,0.252934918,0.261943534,,0.880379044,0.705007556,,0.729142805,0.497783456,,0.668356591,0.686320151,,,
,,,,05:08.0,0.238951505,0.261943534,,0.894561387,0.705007556,,0.731849042,0.497783456,,0.619436219,0.686320151,,,
,,,,05:09.0,0.247086934,0.261943534,,0.906217564,0.705007556,,0.725145894,0.497783456,,0.606758543,0.686320151,,,
,,,,05:10.0,0.257768459,0.261943534,,0.922906166,0.705007556,,0.726207579,0.497783456,,0.591749349,0.686320151,,,
,,,,05:11.0,0.25935974,0.261943534,,1.175403502,0.705007556,,0.751438015,0.497783456,,0.594372326,0.686320151,,,
,,,,05:12.0,0.264093815,0.261943534,,1.231038827,0.705007556,,0.772629911,0.497783456,,0.617021416,0.686320151,,,
,,,,05:13.0,0.263397629,0.261943534,,0.909559266,0.705007556,,0.788388518,0.497783456,,0.641439972,0.686320151,,,
,,,,05:14.0,0.257171714,0.261943534,,0.909380242,0.705007556,,0.785390847,0.497783456,,0.605571969,0.686320151,,,
,,,,05:15.0,0.250965706,0.261943534,,0.92688438,0.705007556,,0.780977588,0.497783456,,0.630469318,0.686320151,,,
,,,,05:16.0,0.355592766,0.261943534,,0.946775452,0.705007556,,0.769070164,0.497783456,,0.649517053,0.686320151,,,
,,,,05:17.0,0.627105963,0.261943534,,0.938500767,0.705007556,,0.739447307,0.497783456,,0.641710591,0.686320151,,,
,,,,05:18.0,0.264869561,0.261943534,,0.908922754,0.705007556,,0.776855787,0.497783456,,0.644229469,0.686320151,,,
,,,,05:19.0,0.269543962,0.261943534,,0.906137983,0.705007556,,0.776335364,0.497783456,,0.645395229,0.686320151,,,
,,,,05:20.0,0.258385064,0.261943534,,0.905799843,0.705007556,,0.790928211,0.497783456,,0.655991188,0.686320151,,,
,,,,05:21.0,0.272786222,0.261943534,,0.901801745,0.705007556,,0.811599684,0.497783456,,0.640211767,0.686320151,,,
,,,,05:22.0,0.260036043,0.261943534,,0.899852417,0.705007556,,0.734118116,0.497783456,,0.6311771,0.686320151,,,
,,,,05:23.0,0.267694099,0.261943534,,0.899096555,0.705007556,,0.774607528,0.497783456,,0.560939917,0.686320151,,,
,,,,05:24.0,0.275391946,0.261943534,,0.894004433,0.705007556,,0.779770198,0.497783456,,0.558212865,0.686320151,,,
,,,,05:25.0,0.277082692,0.261943534,,0.898957323,0.705007556,,0.795403915,0.497783456,,0.562792644,0.686320151,,,
,,,,05:26.0,0.269404729,0.261943534,,0.910852174,0.705007556,,0.825526379,0.497783456,,0.591749349,0.686320151,,,
,,,,05:27.0,0.274099037,0.261943534,,0.910255453,0.705007556,,0.824318989,0.497783456,,0.919828215,0.686320151,,,
,,,,05:28.0,0.284044561,0.261943534,,0.879961346,0.705007556,,0.838786923,0.497783456,,0.92303406,0.686320151,,,
,,,,05:29.0,0.284800422,0.261943534,,0.879623182,0.705007556,,0.819135504,0.497783456,,0.955050905,0.686320151,,,
,,,,05:30.0,0.292736967,0.261943534,,0.877256156,0.705007556,,0.830251887,0.497783456,,0.956175034,0.686320151,,,
,,,,05:31.0,0.290946779,0.261943534,,0.873277942,0.705007556,,0.736865984,0.497783456,,0.968290633,0.686320151,,,
,,,,05:32.0,0.303875958,0.261943534,,0.886048004,0.705007556,,0.758390944,0.497783456,,0.967270578,0.686320151,,,
,,,,05:33.0,0.301727722,0.261943534,,0.879722648,0.705007556,,0.746046356,0.497783456,,0.965626026,0.686320151,,,
,,,,05:34.0,0.295899645,0.261943534,,0.879424275,0.705007556,,0.716402685,0.497783456,,0.953052449,0.686320151,,,
,,,,05:35.0,0.293612178,0.261943534,,0.884178234,0.705007556,,0.152007118,0.497783456,,0.472675031,0.686320151,,,
,,,,05:36.0,0.303517934,0.261943534,,0.850224169,0.705007556,,0.150133553,0.497783456,,0.558962277,0.686320151,,,
,,,,05:37.0,0.313562923,0.261943534,,0.850224169,0.705007556,,0.190768717,0.497783456,,0.226220372,0.686320151,,,
,,,,05:38.0,0.286312145,0.261943534,,0.849667238,0.705007556,,0.232298998,0.497783456,,0,0.686320151,,,
,,,,05:39.0,0.290807523,0.261943534,,0.858359621,0.705007556,,0.330118951,0.497783456,,0.009992253,0.686320151,,,
,,,,05:40.0,0.294626621,0.261943534,,0.837175641,0.705007556,,0.531629333,0.497783456,,0.176862814,0.686320151,,,
,,,,05:41.0,0.29800809,0.261943534,,1.098405128,0.705007556,,0.579196611,0.497783456,,0.351373293,0.686320151,,,
,,,,05:42.0,0.283606956,0.261943534,,1.08382497,0.705007556,,0.969477231,0.497783456,,0.39575554,0.686320151,,,
,,,,05:43.0,0.292597734,0.261943534,,1.085595275,0.705007556,,0.576636079,0.497783456,,0.4653682,0.686320151,,,
,,,,05:44.0,0.294686295,0.261943534,,1.078096358,0.705007556,,0.583235128,0.497783456,,0.453814678,0.686320151,,,
,,,,05:45.0,0.297053321,0.261943534,,1.083387365,0.705007556,,0.598993758,0.497783456,,0.592144882,0.686320151,,,
,,,,05:46.0,0.275551085,0.261943534,,1.086808648,0.705007556,,0.614918885,0.497783456,,0.898095081,0.686320151,,,
,,,,05:47.0,0.278216484,0.261943534,,1.082870201,0.705007556,,0.659342762,0.497783456,,0.02260746,0.686320151,,,
,,,,05:48.0,0.15986457,0.261943534,,1.085555507,0.705007556,,0.55927455,0.497783456,,0.052605034,0.686320151,,,
,,,,05:49.0,0.14381248,0.261943534,,1.082909992,0.705007556,,0.584359258,0.497783456,,0.062472373,0.686320151,,,
,,,,05:50.0,0.151072722,0.261943534,,1.091562608,0.705007556,,0.601783255,0.497783456,,0.12829632,0.686320151,,,
,,,,05:51.0,0.155389076,0.261943534,,1.083049225,0.705007556,,0.61248329,0.497783456,,0.160250696,0.686320151,,,
,,,,05:52.0,0.150774349,0.261943534,,0.85163645,0.705007556,,0.686571654,0.497783456,,0.080749858,0.686320151,,,
,,,,05:53.0,0.149342185,0.261943534,,0.853486313,0.705007556,,0.681450614,0.497783456,,0.101338048,0.686320151,,,
,,,,05:54.0,0.304154446,0.261943534,,0.83763313,0.705007556,,0.676912489,0.497783456,,0.087640341,0.686320151,,,
,,,,05:55.0,0.296098553,0.261943534,,0.821581017,0.705007556,,0.682533113,0.497783456,,0.295250164,0.686320151,,,
,,,,05:56.0,0.296317367,0.261943534,,0.842267741,0.705007556,,0.671166927,0.497783456,,0.374709349,0.686320151,,,
,,,,05:57.0,0.285954098,0.261943534,,0.831447006,0.705007556,,0.655699754,0.497783456,,0.397982984,0.686320151,,,
,,,,05:58.0,0.278236368,0.261943534,,0.825439906,0.705007556,,0.56964152,0.497783456,,0.518077333,0.686320151,,,
,,,,05:59.0,0.266480749,0.261943534,,0.854301849,0.705007556,,0.556797302,0.497783456,,0.48878754,0.686320151,,,
,,,,06:00.0,0.262781,0.261943534,,0.844435883,0.705007556,,0.552113447,0.497783456,,0.509771262,0.686320151,,,
,,,,06:01.0,0.271771778,0.261943534,,0.854063151,0.705007556,,0.567684695,0.497783456,,0.481043547,0.686320151,,,
,,,,06:02.0,0.261527859,0.261943534,,0.848155515,0.705007556,,0.624973606,0.497783456,,0.482084416,0.686320151,,,
,,,,06:03.0,0.250806566,0.261943534,,0.862298068,0.705007556,,0.597099378,0.497783456,,0.476776017,0.686320151,,,
,,,,06:04.0,0.15214684,0.261943534,,0.870035682,0.705007556,,0.593976793,0.497783456,,0.478087505,0.686320151,,,
,,,,06:05.0,0.152007607,0.261943534,,0.861880346,0.705007556,,0.568350847,0.497783456,,0.489328778,0.686320151,,,
,,,,06:06.0,0.134682469,0.261943534,,0.848911377,0.705007556,,0.562147331,0.497783456,,0.523094274,0.686320151,,,
,,,,06:07.0,0.138561241,0.261943534,,0.854142709,0.705007556,,0.540455827,0.497783456,,0.541912997,0.686320151,,,
,,,,06:08.0,0.138262869,0.261943534,,0.849130168,0.705007556,,0.536229927,0.497783456,,0.498863054,0.686320151,,,
,,,,06:09.0,0.138183311,0.261943534,,0.843123067,0.705007556,,0.522490591,0.497783456,,0.539102685,0.686320151,,,
,,,,06:10.0,0.136214076,0.261943534,,0.833376427,0.705007556,,1.15914261,0.497783456,,0.492597092,0.686320151,,,
,,,,06:11.0,0.131281093,0.261943534,,1.166810561,0.705007556,,1.151440246,0.497783456,,0.507418928,0.686320151,,,
,,,,06:12.0,0.13334977,0.261943534,,0.845350861,0.705007556,,1.187037654,0.497783456,,0.502859964,0.686320151,,,
,,,,06:13.0,0.139953615,0.261943534,,0.838826597,0.705007556,,1.208167081,0.497783456,,0.49946676,0.686320151,,,
,,,,06:14.0,0.129033416,0.261943534,,0.832342101,0.705007556,,1.212621969,0.497783456,,0.52401023,0.686320151,,,
,,,,06:15.0,0.127382437,0.261943534,,0.84292416,0.705007556,,1.222926472,0.497783456,,0.52646664,0.686320151,,,
,,,,06:16.0,0.137009728,0.261943534,,0.822316995,0.705007556,,1.142801112,0.497783456,,0.555589888,0.686320151,,,
,,,,06:17.0,0.437046727,0.261943534,,0.826136093,0.705007556,,1.156103309,0.497783456,,0.509729632,0.686320151,,,
,,,,06:18.0,0.123026292,0.261943534,,0.823391113,0.705007556,,1.14325909,0.497783456,,0.503567746,0.686320151,,,
,,,,06:19.0,0.127959298,0.261943534,,0.833157636,0.705007556,,1.129769557,0.497783456,,0.508772046,0.686320151,,,
,,,,06:20.0,0.134284655,0.261943534,,0.821163319,0.705007556,,1.140469592,0.497783456,,0.506461342,0.686320151,,,
,,,,06:21.0,0.129789277,0.261943534,,0.810461911,0.705007556,,1.18889038,0.497783456,,0.512144435,0.686320151,,,
,,,,06:22.0,0.122708036,0.261943534,,0.803062436,0.705007556,,1.205669018,0.497783456,,0.538769597,0.686320151,,,
,,,,06:23.0,0.122529012,0.261943534,,0.818060315,0.705007556,,1.216140064,0.497783456,,0.546805048,0.686320151,,,
,,,,06:24.0,0.129391439,0.261943534,,0.796160242,0.705007556,,1.209457754,0.497783456,,0.516203768,0.686320151,,,
,,,,06:25.0,0.127919507,0.261943534,,0.804255903,0.705007556,,1.216140064,0.497783456,,0.554902922,0.686320151,,,
,,,,06:26.0,0.129888719,0.261943534,,0.817523245,0.705007556,,1.213079947,0.497783456,,0.605238881,0.686320151,,,
,,,,06:27.0,0.126905064,0.261943534,,0.7866523,0.705007556,,1.166449441,0.497783456,,0.613107789,0.686320151,,,
,,,,06:28.0,0.138163404,0.261943534,,0.794608728,0.705007556,,1.17946018,0.497783456,,0.599972136,0.686320151,,,
,,,,06:29.0,0.138501567,0.261943534,,0.788880093,0.705007556,,1.165221236,0.497783456,,0.476338854,0.686320151,,,
,,,,06:30.0,0.14277813,0.261943534,,0.79761229,0.705007556,,1.155478787,0.497783456,,0.436140876,0.686320151,,,
,,,,06:31.0,0.144051178,0.261943534,,0.813644496,0.705007556,,1.208000561,0.497783456,,0.458706706,0.686320151,,,
,,,,06:32.0,0.139217638,0.261943534,,0.831009401,0.705007556,,1.225778438,0.497783456,,0.478878571,0.686320151,,,
,,,,06:33.0,0.127362553,0.261943534,,0.807975535,0.705007556,,1.203295868,0.497783456,,0.437244191,0.686320151,,,
,,,,06:34.0,0.133508886,0.261943534,,0.81724478,0.705007556,,1.171299862,0.497783456,,0.451608049,0.686320151,,,
,,,,06:35.0,0.133608351,0.261943534,,0.808154559,0.705007556,,1.172694611,0.497783456,,0.478295679,0.686320151,,,
,,,,06:36.0,0.126706157,0.261943534,,0.796200009,0.705007556,,1.191076171,0.497783456,,0.500299456,0.686320151,,,
,,,,06:37.0,0.131102069,0.261943534,,0.80887063,0.705007556,,1.185184927,0.497783456,,0.491056615,0.686320151,,,
,,,,06:38.0,0.13559747,0.261943534,,0.806443929,0.705007556,,1.173610566,0.497783456,,0.48793403,0.686320151,,,
,,,,06:39.0,0.125711598,0.261943534,,0.795563497,0.705007556,,1.20481553,0.497783456,,0.497634849,0.686320151,,,
,,,,06:40.0,0.136194192,0.261943534,,0.795265124,0.705007556,,1.230545575,0.497783456,,0.470239436,0.686320151,,,
,,,,06:41.0,0.133628235,0.261943534,,0.806105766,0.705007556,,1.238081395,0.497783456,,0.489183073,0.686320151,,,
,,,,06:42.0,0.148626114,0.261943534,,0.796995661,0.705007556,,0.881940942,0.497783456,,0.472279522,0.686320151,,,
,,,,06:43.0,0.140271871,0.261943534,,0.788860209,0.705007556,,1.019771537,0.497783456,,0.483604055,0.686320151,,,
,,,,06:44.0,0.157596986,0.261943534,,0.782972458,0.705007556,,0.666316529,0.497783456,,0.51022924,0.686320151,,,
,,,,06:45.0,0.154951471,0.261943534,,0.781082804,0.705007556,,0.580508076,0.497783456,,0.506398874,0.686320151,,,
,,,,06:46.0,0.153280632,0.261943534,,0.780844107,0.705007556,,0.59333148,0.497783456,,0.888727349,0.686320151,,,
,,,,06:47.0,0.142002385,0.261943534,,0.780386618,0.705007556,,0.598244323,0.497783456,,0.484644924,0.686320151,,,
,,,,06:48.0,0.138004287,0.261943534,,0.77965064,0.705007556,,0.58269389,0.497783456,,0.499133696,0.686320151,,,
,,,,06:49.0,0.137109193,0.261943534,,0.785438949,0.705007556,,0.589126395,0.497783456,,0.513622444,0.686320151,,,
,,,,06:50.0,0.134801818,0.261943534,,0.79128691,0.705007556,,0.591791002,0.497783456,,0.517369551,0.686320151,,,
,,,,06:51.0,0.133866933,0.261943534,,0.784205692,0.705007556,,0.58471316,0.497783456,,0.506419689,0.686320151,,,
,,,,06:52.0,0.140629895,0.261943534,,0.789536513,0.705007556,,0.613669865,0.497783456,,0.517390366,0.686320151,,,
,,,,06:53.0,0.141664245,0.261943534,,0.779093686,0.705007556,,0.629990548,0.497783456,,0.516911573,0.686320151,,,
,,,,06:54.0,0.127243204,0.261943534,,0.78923814,0.705007556,,0.67358173,0.497783456,,0.477920962,0.686320151,,,
,,,,06:55.0,0.137845147,0.261943534,,0.792639516,0.705007556,,0.678515411,0.497783456,,0.500132912,0.686320151,,,
,,,,06:56.0,0.137705915,0.261943534,,1.040840359,0.705007556,,0.669876277,0.497783456,,0.859708176,0.686320151,,,
,,,,06:57.0,0.134583027,0.261943534,,1.025524223,0.705007556,,0.669543189,0.497783456,,0.874509197,0.686320151,,,
,,,,06:58.0,0.127839949,0.261943534,,1.01695119,0.705007556,,0.659321947,0.497783456,,0.897741178,0.686320151,,,
,,,,06:59.0,0.117735285,0.261943534,,1.017388795,0.705007556,,0.662673521,0.497783456,,0.904652477,0.686320151,,,
,,,,07:00.0,0.12380206,0.261943534,,1.041417197,0.705007556,,0.627617375,0.497783456,,0.931881368,0.686320151,,,
,,,,07:01.0,0.119465799,0.261943534,,1.042073616,0.705007556,,0.655887113,0.497783456,,0.872718916,0.686320151,,,
,,,,07:02.0,0.110594369,0.261943534,,1.036563772,0.705007556,,0.660904055,0.497783456,,0.867868518,0.686320151,,,
,,,,07:03.0,0.114473142,0.261943534,,1.037319633,0.705007556,,0.678515411,0.497783456,,0.867202366,0.686320151,,,
,,,,07:04.0,0.118491123,0.261943534,,1.036384772,0.705007556,,0.588023081,0.497783456,,0.867119106,0.686320151,,,
,,,,07:05.0,0.226619025,0.261943534,,1.027334319,0.705007556,,0.508605526,0.497783456,,0.498550804,0.686320151,,,
,,,,07:06.0,0.220651692,0.261943534,,1.038433542,0.705007556,,0.508272438,0.497783456,,0.517057278,0.686320151,,,
,,,,07:07.0,0.233322312,0.261943534,,0.778656081,0.705007556,,0.535813579,0.497783456,,0.529068802,0.686320151,,,
,,,,07:08.0,0.218284666,0.261943534,,0.772927446,0.705007556,,0.490661105,0.497783456,,0.545722549,0.686320151,,,
,,,,07:09.0,0.225962629,0.261943534,,0.781818759,0.705007556,,0.504171453,0.497783456,,0.512019522,0.686320151,,,
,,,,07:10.0,0.227534026,0.261943534,,0.786930765,0.705007556,,0.529276999,0.497783456,,0.537249958,0.686320151,,,
,,,,07:11.0,0.237220968,0.261943534,,1.017249539,0.705007556,,0.53872799,0.497783456,,0.55509028,0.686320151,,,
,,,,07:12.0,0.230338657,0.261943534,,1.089792303,0.705007556,,0.580966054,0.497783456,,0.545680919,0.686320151,,,
,,,,07:13.0,0.221845158,0.261943534,,0.77485689,0.705007556,,0.607591239,0.497783456,,0.553653902,0.686320151,,,
,,,,07:14.0,0.221686042,0.261943534,,0.782554737,0.705007556,,0.623641303,0.497783456,,0.551884435,0.686320151,,,
,,,,07:15.0,0.131300977,0.261943534,,0.775354169,0.705007556,,0.544827432,0.497783456,,0.550781121,0.686320151,,,
,,,,07:16.0,0.250587775,0.261943534,,0.789695629,0.705007556,,0.542204455,0.497783456,,0.522282394,0.686320151,,,
,,,,07:17.0,0.488823187,0.261943534,,0.776149798,0.705007556,,0.553924544,0.497783456,,0.552050979,0.686320151,,,
,,,,07:18.0,0.119445915,0.261943534,,0.77728359,0.705007556,,0.546971592,0.497783456,,0.508459774,0.686320151,,,
,,,,07:19.0,0.12497562,0.261943534,,0.777044916,0.705007556,,0.55892067,0.497783456,,0.528590009,0.686320151,,,
,,,,07:20.0,0.121017313,0.261943534,,0.771634537,0.705007556,,0.594247435,0.497783456,,0.55496539,0.686320151,,,
,,,,07:21.0,0.122966617,0.261943534,,0.772450073,0.705007556,,0.591666089,0.497783456,,0.557754887,0.686320151,,,
,,,,07:22.0,0.128754927,0.261943534,,0.76119171,0.705007556,,0.622080011,0.497783456,,0.551738707,0.686320151,,,
,,,,07:23.0,0.132116512,0.261943534,,0.777641637,0.705007556,,0.645645056,0.497783456,,0.558816549,0.686320151,,,
,,,,07:24.0,0.121793058,0.261943534,,0.7853196,0.705007556,,0.567643065,0.497783456,,0.555610703,0.686320151,,,
,,,,07:25.0,0.123523572,0.261943534,,0.784006785,0.705007556,,0.54976109,0.497783456,,0.51127011,0.686320151,,,
,,,,07:26.0,0.127999065,0.261943534,,0.808950188,0.705007556,,0.558296149,0.497783456,,0.566165033,0.686320151,,,
,,,,07:27.0,0.128018949,0.261943534,,0.785896438,0.705007556,,0.557817356,0.497783456,,0.548512046,0.686320151,,,
,,,,07:28.0,0.134304538,0.261943534,,0.785956113,0.705007556,,0.571494247,0.497783456,,0.563771045,0.686320151,,,
,,,,07:29.0,0.135577563,0.261943534,,0.773424725,0.705007556,,0.599035388,0.497783456,,0.581278303,0.686320151,,,
,,,,07:30.0,0.132315443,0.261943534,,0.784006785,0.705007556,,0.602949015,0.497783456,,0.597328367,0.686320151,,,
,,,,07:31.0,0.135259307,0.261943534,,0.796717173,0.705007556,,0.655179331,0.497783456,,0.668897852,0.686320151,,,
,,,,07:32.0,0.123662804,0.261943534,,0.774280052,0.705007556,,0.67366499,0.497783456,,0.678369659,0.686320151,,,
,,,,07:33.0,0.120917847,0.261943534,,0.777502405,0.705007556,,0.573867397,0.497783456,,0.699374196,0.686320151,,,
,,,,07:34.0,0.120798498,0.261943534,,0.789138675,0.705007556,,0.569849694,0.497783456,,0.714758109,0.686320151,,,
,,,,07:35.0,0.124060642,0.261943534,,0.778954453,0.705007556,,0.57282655,0.497783456,,0.632613478,0.686320151,,,
,,,,07:36.0,0.12429934,0.261943534,,0.785697531,0.705007556,,0.574991526,0.497783456,,0.624682149,0.686320151,,,
,,,,07:37.0,0.115169329,0.261943534,,0.779949012,0.705007556,,0.571015454,0.497783456,,0.619228045,0.686320151,,,
,,,,07:38.0,0.124617596,0.261943534,,0.787089905,0.705007556,,0.570515846,0.497783456,,0.65230655,0.686320151,,,
,,,,07:39.0,0.119445915,0.261943534,,0.779869431,0.705007556,,0.562792667,0.497783456,,0.611213409,0.686320151,,,
,,,,07:40.0,0.118630379,0.261943534,,0.782932667,0.705007556,,0.569558237,0.497783456,,0.632613478,0.686320151,,,
,,,,07:41.0,0.123384339,0.261943534,,0.796060777,0.705007556,,0.608340674,0.497783456,,0.621705293,0.686320151,,,
,,,,07:42.0,0.113876397,0.261943534,,0.778457173,0.705007556,,1.232544007,0.497783456,,0.643459242,0.686320151,,,
,,,,07:43.0,0.122747826,0.261943534,,0.779272709,0.705007556,,0.895159855,0.497783456,,0.667919428,0.686320151,,,
,,,,07:44.0,0.118908845,0.261943534,,0.776010566,0.705007556,,0.903903088,0.497783456,,0.646644272,0.686320151,,,
,,,,07:45.0,0.124756829,0.261943534,,0.786373811,0.705007556,,0.905381097,0.497783456,,0.774857332,0.686320151,,,
,,,,07:46.0,0.12242957,0.261943534,,0.780784432,0.705007556,,0.906234607,0.497783456,,1.07914214,0.686320151,,,
,,,,07:47.0,0.115746167,0.261943534,,0.780108129,0.705007556,,0.865391293,0.497783456,,0.692504528,0.686320151,,,
,,,,07:48.0,0.115587027,0.261943534,,0.775592867,0.705007556,,0.852130749,0.497783456,,0.66019625,0.686320151,,,
,,,,07:49.0,0.123324664,0.261943534,,0.784344925,0.705007556,,0.854503899,0.497783456,,0.692358823,0.686320151,,,
,,,,07:50.0,0.126268552,0.261943534,,0.772390398,0.705007556,,0.851235609,0.497783456,,0.647810032,0.686320151,,,
,,,,07:51.0,0.131300977,0.261943534,,0.773086585,0.705007556,,0.851298054,0.497783456,,0.69394093,0.686320151,,,
,,,,07:52.0,0.12209143,0.261943534,,0.778795313,0.705007556,,0.890809065,0.497783456,,0.696688797,0.686320151,,,
,,,,07:53.0,0.130763929,0.261943534,,0.774478959,0.705007556,,0.900842948,0.497783456,,0.706035714,0.686320151,,,
,,,,07:54.0,0.131102069,0.261943534,,0.780346827,0.705007556,,0.934108813,0.497783456,,0.703516836,0.686320151,,,
,,,,07:55.0,0.131102069,0.261943534,,0.784245483,0.705007556,,1.051455317,0.497783456,,0.700602424,0.686320151,,,
,,,,07:56.0,0.114433351,0.261943534,,0.774200494,0.705007556,,1.089634025,0.497783456,,0.714133587,0.686320151,,,
,,,,07:57.0,0.12380206,0.261943534,,0.766164484,0.705007556,,1.049769111,0.497783456,,0.680846907,0.686320151,,,
,,,,07:58.0,0.120221661,0.261943534,,0.791983097,0.705007556,,1.045230963,0.497783456,,0.699249306,0.686320151,,,
,,,,07:59.0,0.125671807,0.261943534,,0.769884116,0.705007556,,1.043877844,0.497783456,,0.667586364,0.686320151,,,
,,,,08:00.0,0.128496345,0.261943534,,0.780585525,0.705007556,,1.035280363,0.497783456,,0.692358823,0.686320151,,,
,,,,08:01.0,0.122170988,0.261943534,,0.782296155,0.705007556,,1.096857596,0.497783456,,0.716777379,0.686320151,,,
,,,,08:02.0,0.126626575,0.261943534,,0.783469714,0.705007556,,0.827295846,0.497783456,,0.71856766,0.686320151,,,
,,,,08:03.0,0.124518131,0.261943534,,0.780744641,0.705007556,,0.820280449,0.497783456,,0.742153521,0.686320151,,,
,,,,08:04.0,0.122608594,0.261943534,,0.780625292,0.705007556,,0.753852795,0.497783456,,0.670792209,0.686320151,,,
,,,,08:05.0,0.127302879,0.261943534,,0.77843729,0.705007556,,0.742549077,0.497783456,,0.694232364,0.686320151,,,
,,,,08:06.0,0.133449235,0.261943534,,0.796975778,0.705007556,,0.7482738,0.497783456,,0.662361249,0.686320151,,,
,,,,08:07.0,0.135139958,0.261943534,,0.792480377,0.705007556,,0.743818912,0.497783456,,0.67285311,0.686320151,,,
,,,,08:08.0,0.128297438,0.261943534,,0.79707522,0.705007556,,0.744547509,0.497783456,,0.674310303,0.686320151,,,
,,,,08:09.0,0.134881376,0.261943534,,0.989879435,0.705007556,,0.782164186,0.497783456,,0.677391258,0.686320151,,,
,,,,08:10.0,0.134125515,0.261943534,,1.002669381,0.705007556,,0.669751363,0.497783456,,0.713529904,0.686320151,,,
,,,,08:11.0,0.127044297,0.261943534,,1.312791161,0.705007556,,0.713238469,0.497783456,,0.672769849,0.686320151,,,
,,,,08:12.0,0.124418666,0.261943534,,0.999626052,0.705007556,,0.744651607,0.497783456,,0.691526127,0.686320151,,,
,,,,08:13.0,0.124597689,0.261943534,,1.002888195,0.705007556,,0.716943923,0.497783456,,0.661028945,0.686320151,,,
,,,,08:14.0,0.136532332,0.261943534,,0.998372911,0.705007556,,0.715778163,0.497783456,,0.690651802,0.686320151,,,
,,,,08:15.0,0.128953834,0.261943534,,0.994255464,0.705007556,,0.625473214,0.497783456,,0.706035714,0.686320151,,,
,,,,08:16.0,0.180332502,0.261943534,,0.988606387,0.705007556,,0.632988219,0.497783456,,0.715882238,0.686320151,,,
,,,,08:17.0,0.492940657,0.261943534,,0.99594621,0.705007556,,0.646519382,0.497783456,,0.713384175,0.686320151,,,
,,,,08:18.0,0.193122448,0.261943534,,0.996523048,0.705007556,,0.649954216,0.497783456,,0.714196032,0.686320151,,,
,,,,08:19.0,0.188169582,0.261943534,,0.987313478,0.705007556,,0,0.497783456,,0.697313296,0.686320151,,,
,,,,08:20.0,0.211263122,0.261943534,,1.024828037,0.705007556,,0.058850204,0.497783456,,0.688715815,0.686320151,,,
,,,,08:21.0,0.214684382,0.261943534,,0.794847426,0.705007556,,0.297623337,0.497783456,,0.698041916,0.686320151,,,
,,,,08:22.0,0.216653594,0.261943534,,0.783449831,0.705007556,,0.412888103,0.497783456,,0.67254086,0.686320151,,,
,,,,08:23.0,0.210765842,0.261943534,,0.792400819,0.705007556,,0.486976467,0.497783456,,0.662298803,0.686320151,,,
,,,,08:24.0,0.212794729,0.261943534,,0.795483939,0.705007556,,0.456396025,0.497783456,,0.723459688,0.686320151,,,
,,,,08:25.0,0.208538049,0.261943534,,0.805847184,0.705007556,,0.499404315,0.497783456,,1.169717731,0.686320151,,,
,,,,08:26.0,0.223675137,0.261943534,,0.806782069,0.705007556,,0.011636806,0.497783456,,1.21480776,0.686320151,,,
,,,,08:27.0,0.111171207,0.261943534,,0.798487477,0.705007556,,0.062264223,0.497783456,,1.206085366,0.686320151,,,
,,,,08:28.0,0.120380777,0.261943534,,0.803161902,0.705007556,,0.07702359,0.497783456,,1.207396831,0.686320151,,,
,,,,08:29.0,0.1217135,0.261943534,,0.785120693,0.705007556,,0.141806691,0.497783456,,1.172486414,0.686320151,,,
,,,,08:30.0,0.124219758,0.261943534,,0.786513067,0.705007556,,0.090117613,0.497783456,,1.179418527,0.686320151,,,
,,,,08:31.0,0.125711598,0.261943534,,0.791048235,0.705007556,,0.119553111,0.497783456,,1.208833233,0.686320151,,,
,,,,08:32.0,0.121454895,0.261943534,,0.790192909,0.705007556,,0.105272513,0.497783456,,1.202234184,0.686320151,,,
,,,,08:33.0,0.112961419,0.261943534,,0.767875114,0.705007556,,0.113849202,0.497783456,,0.752770296,0.686320151,,,
,,,,08:34.0,0.113080768,0.261943534,,0.781102688,0.705007556,,0.128546148,0.497783456,,0.758807268,0.686320151,,,
,,,,08:35.0,0.120002846,0.261943534,,0.803022646,0.705007556,,0.323353382,0.497783456,,0.781581272,0.686320151,,,
,,,,08:36.0,0.110276113,0.261943534,,0.766084925,0.705007556,,0.424857973,0.497783456,,0.693066605,0.686320151,,,
,,,,08:37.0,0.121454895,0.261943534,,0.777900219,0.705007556,,0.486789108,0.497783456,,0.730141998,0.686320151,,,
,,,,08:38.0,0.115527376,0.261943534,,0.780804316,0.705007556,,0.561002386,0.497783456,,0.756621477,0.686320151,,,
,,,,08:39.0,0.113617815,0.261943534,,0.784742763,0.705007556,,0.555610727,0.497783456,,0.757350074,0.686320151,,,
,,,,08:40.0,0.111927069,0.261943534,,0.788482279,0.705007556,,0.550906034,0.497783456,,0.745380181,0.686320151,,,
,,,,08:41.0,0.114333909,0.261943534,,0.784265367,0.705007556,,0.555319293,0.497783456,,0.654429896,0.686320151,,,
,,,,08:42.0,0.109739066,0.261943534,,0.783887436,0.705007556,,0.864974945,0.497783456,,0.611296692,0.686320151,,,
,,,,08:43.0,0.119963079,0.261943534,,0.789019326,0.705007556,,0.929695578,0.497783456,,0.638171681,0.686320151,,,
,,,,08:44.0,0.119207217,0.261943534,,0.778576522,0.705007556,,0.598556595,0.497783456,,0.601408514,0.686320151,,,
,,,,08:45.0,0.119744265,0.261943534,,0.806046091,0.705007556,,0.598223508,0.497783456,,0.629157829,0.686320151,,,
,,,,08:46.0,0.107372017,0.261943534,,0.785220135,0.705007556,,0.603823341,0.497783456,,0.950013148,0.686320151,,,
,,,,08:47.0,0.10599955,0.261943534,,0.785120693,0.705007556,,0.580091751,0.497783456,,0.635944237,0.686320151,,,
,,,,08:48.0,0.110554602,0.261943534,,0.768113812,0.705007556,,0.603094744,0.497783456,,0.617521024,0.686320151,,,
,,,,08:49.0,0.11162872,0.261943534,,0.780406501,0.705007556,,0.586794876,0.497783456,,0.621434651,0.686320151,,,
,,,,08:50.0,0.115646701,0.261943534,,0.784086343,0.705007556,,0.604406209,0.497783456,,0.679826876,0.686320151,,,
,,,,08:51.0,0.116143981,0.261943534,,0.770639978,0.705007556,,0.604780927,0.497783456,,0.645270338,0.686320151,,,
,,,,08:52.0,0.113836629,0.261943534,,0.775294495,0.705007556,,0.644396036,0.497783456,,0.672811479,0.686320151,,,
,,,,08:53.0,0.116064423,0.261943534,,0.776189589,0.705007556,,0.645998959,0.497783456,,0.660758326,0.686320151,,,
,,,,08:54.0,0.113060861,0.261943534,,0.786711974,0.705007556,,0.598140247,0.497783456,,0.679785223,0.686320151,,,
,,,,08:55.0,0.113040977,0.261943534,,0.768949231,0.705007556,,0.618374557,0.497783456,,0.671166927,0.686320151,,,
,,,,08:56.0,0.115984865,0.261943534,,0.771475397,0.705007556,,0.580133381,0.497783456,,0.695585483,0.686320151,,,
,,,,08:57.0,0.240264298,0.261943534,,0.782495062,0.705007556,,0.59112485,0.497783456,,0.692025735,0.686320151,,,
,,,,08:58.0,0.254784781,0.261943534,,0.772410282,0.705007556,,0.600388507,0.497783456,,0.714404206,0.686320151,,,
,,,,08:59.0,0.238474109,0.261943534,,0.76922772,0.705007556,,0.607133261,0.497783456,,0.717214542,0.686320151,,,
,,,,09:00.0,0.244103279,0.261943534,,0.788760744,0.705007556,,0.610942813,0.497783456,,0.723584602,0.686320151,,,
,,,,09:01.0,0.253889686,0.261943534,,0.784026669,0.705007556,,0.615064614,0.497783456,,0.767800305,0.686320151,,,
,,,,09:02.0,0.241457764,0.261943534,,0.788462395,0.705007556,,0.593435555,0.497783456,,0.689610955,0.686320151,,,
,,,,09:03.0,0.240602461,0.261943534,,0.785160461,0.705007556,,0.99957888,0.497783456,,0.69002728,0.686320151,,,
,,,,09:04.0,0.241577113,0.261943534,,0.786751742,0.705007556,,0.949263736,0.497783456,,0.686051208,0.686320151,,,
,,,,09:05.0,0.249792123,0.261943534,,0.786612509,0.705007556,,0.9935627,0.497783456,,0.695543853,0.686320151,,,
,,,,09:06.0,0.247305748,0.261943534,,0.788760744,0.705007556,,0.99123118,0.497783456,,0.177341607,0.686320151,,,
,,,,09:07.0,0.243208185,0.261943534,,0.786214695,0.705007556,,1.022894122,0.497783456,,0.248952722,0.686320151,,,
,,,,09:08.0,0.238255295,0.261943534,,0.781480619,0.705007556,,0.94834778,0.497783456,,0.266043632,0.686320151,,,
,,,,09:09.0,0.237598899,0.261943534,,0.784086343,0.705007556,,0.954218232,0.497783456,,0.312049617,0.686320151,,,
,,,,09:10.0,0.2386929,0.261943534,,0.761430408,0.705007556,,0.943205925,0.497783456,,0.335781206,0.686320151,,,
,,,,09:11.0,0.24756433,0.261943534,,1.02345557,0.705007556,,0.94826452,0.497783456,,0.305617112,0.686320151,,,
,,,,09:12.0,0.240423437,0.261943534,,1.09820622,0.705007556,,0.924699451,0.497783456,,0.44178234,0.686320151,,,
,,,,09:13.0,0.250866241,0.261943534,,0.787567278,0.705007556,,0.971683837,0.497783456,,0.517952419,0.686320151,,,
,,,,09:14.0,0.244521,0.261943534,,0.782892876,0.705007556,,0.586753246,0.497783456,,0.56585276,0.686320151,,,
,,,,09:15.0,0.247385306,0.261943534,,0.956800557,0.705007556,,0.592040806,0.497783456,,0.614689896,0.686320151,,,
,,,,09:16.0,0.340415863,0.261943534,,0.828801491,0.705007556,,0.510562328,0.497783456,,0.62453642,0.686320151,,,
,,,,09:17.0,0.611173199,0.261943534,,0.861343299,0.705007556,,0.497489143,0.497783456,,0.652806158,0.686320151,,,
,,,,09:18.0,0.285257911,0.261943534,,0.885610399,0.705007556,,0.512310979,0.497783456,,0.644999719,0.686320151,,,
,,,,09:19.0,0.273820548,0.261943534,,0.814758381,0.705007556,,0.504920888,0.497783456,,0.673685805,0.686320151,,,
,,,,09:20.0,0.282691978,0.261943534,,0.801729737,0.705007556,,0.507835276,0.497783456,,0.724479743,0.686320151,,,
,,,,09:21.0,0.265824329,0.261943534,,0.807100325,0.705007556,,0.512352609,0.497783456,,0.197950634,0.686320151,,,
,,,,09:22.0,0.131877838,0.261943534,,0.812590262,0.705007556,,0.544494344,0.497783456,,0.25259573,0.686320151,,,
,,,,09:23.0,0.190655957,0.261943534,,0.831347541,0.705007556,,0.519451266,0.497783456,,0.27395417,0.686320151,,,
,,,,09:24.0,0.359471515,0.261943534,,0.835126848,0.705007556,,0.539519033,0.497783456,,0.289192353,0.686320151,,,
,,,,09:25.0,0.376458513,0.261943534,,0.836479454,0.705007556,,0.517223845,0.497783456,,0.330077298,0.686320151,,,
,,,,09:26.0,0.373494742,0.261943534,,0.839025504,0.705007556,,0.517119747,0.497783456,,0.333054178,0.686320151,,,
,,,,09:27.0,0.373295834,0.261943534,,0.833794149,0.705007556,,0.521886884,0.497783456,,0.508813677,0.686320151,,,
,,,,09:28.0,0.273999572,0.261943534,,0.833296869,0.705007556,,0.488371216,0.497783456,,0.590833393,0.686320151,,,
,,,,09:29.0,0.270836894,0.261943534,,0.834629568,0.705007556,,0.475173118,0.497783456,,0.651723659,0.686320151,,,
,,,,09:30.0,0.271214824,0.261943534,,0.852272962,0.705007556,,0.47144685,0.497783456,,0.672873925,0.686320151,,,
,,,,09:31.0,0.269305287,0.261943534,,0.839224411,0.705007556,,0.473091402,0.497783456,,0.667794538,0.686320151,,,
,,,,09:32.0,0.274019456,0.261943534,,0.844893372,0.705007556,,0.538353273,0.497783456,,0.714987097,0.686320151,,,
,,,,09:33.0,0.280424394,0.261943534,,0.844813814,0.705007556,,0.510458253,0.497783456,,0.710823666,0.686320151,,,
,,,,09:34.0,0.285635842,0.261943534,,0.857842458,0.705007556,,0.509396568,0.497783456,,0.72493772,0.686320151,,,
,,,,09:35.0,0.293453038,0.261943534,,0.839264202,0.705007556,,0.524384948,0.497783456,,0.662257173,0.686320151,,,
,,,,09:36.0,0.283606956,0.261943534,,0.837732572,0.705007556,,0.474319607,0.497783456,,0.660612597,0.686320151,,,
,,,,09:37.0,0.286948658,0.261943534,,0.874690199,0.705007556,,0.524239219,0.497783456,,0.660362793,0.686320151,,,
,,,,09:38.0,0.287923333,0.261943534,,0.8938652,0.705007556,,0.520721125,0.497783456,,0.66737819,0.686320151,,,
,,,,09:39.0,0.279946998,0.261943534,,0.886107679,0.705007556,,0.554902945,0.497783456,,0.700290152,0.686320151,,,
,,,,09:40.0,0.279131462,0.261943534,,0.879265159,0.705007556,,0.5569014,0.497783456,,0.711573078,0.686320151,,,
,,,,09:41.0,0.279887323,0.261943534,,0.885928655,0.705007556,,0.553071033,0.497783456,,0.730162836,0.686320151,,,
,,,,09:42.0,0.27732139,0.261943534,,0.885570632,0.705007556,,0.909357192,0.497783456,,0.748252962,0.686320151,,,
,,,,09:43.0,0.281458721,0.261943534,,0.884536281,0.705007556,,0.570932171,0.497783456,,0.76374095,0.686320151,,,
,,,,09:44.0,0.271075592,0.261943534,,0.853665336,0.705007556,,0.497926306,0.497783456,,0.782580511,0.686320151,,,
,,,,09:45.0,0.282831211,0.261943534,,0.868543866,0.705007556,,0.537374872,0.497783456,,0.806291285,0.686320151,,,
,,,,09:46.0,0.269663311,0.261943534,,0.855336175,0.705007556,,0.517223845,0.497783456,,1.123690931,0.686320151,,,
,,,,09:47.0,0.270279939,0.261943534,,0.860129926,0.705007556,,0.544681703,0.497783456,,0.648330455,0.686320151,,,
,,,,09:48.0,0.271035801,0.261943534,,0.996503164,0.705007556,,0.525613153,0.497783456,,0.633487804,0.686320151,,,
,,,,09:49.0,0.268847775,0.261943534,,0.98228103,0.705007556,,0.526820566,0.497783456,,0.6844691,0.686320151,,,
,,,,09:50.0,0.272627082,0.261943534,,0.977049675,0.705007556,,0.52827776,0.497783456,,0.604926632,0.686320151,,,
,,,,09:51.0,0.27511348,0.261943534,,0.994056557,0.705007556,,0.495761307,0.497783456,,0.615314394,0.686320151,,,
,,,,09:52.0,0.273780758,0.261943534,,0.857822574,0.705007556,,0.574575178,0.497783456,,0.580237433,0.686320151,,,
,,,,09:53.0,0.389487157,0.261943534,,1.646623086,0.705007556,,0.571848126,0.497783456,,0.588897406,0.686320151,,,
,,,,09:54.0,0.384554174,0.261943534,,1.630869368,0.705007556,,0.607258175,0.497783456,,0.601450168,0.686320151,,,
,,,,09:55.0,0.388074899,0.261943534,,1.621261984,0.705007556,,0.611567334,0.497783456,,0.607986748,0.686320151,,,
,,,,09:56.0,0.382565055,0.261943534,,1.654440281,0.705007556,,0.613211887,0.497783456,,0.663568638,0.686320151,,,
,,,,09:57.0,0.386861549,0.261943534,,1.641113265,0.705007556,,0.63069833,0.497783456,,0.666712038,0.686320151,,,
,,,,09:58.0,0.271672313,0.261943534,,1.63641898,0.705007556,,0.634695217,0.497783456,,0.680659549,0.686320151,,,
,,,,09:59.0,0.27815681,0.261943534,,1.63812961,0.705007556,,0.56676874,0.497783456,,0.712842937,0.686320151,,,
,,,,10:00.0,0.27849495,0.261943534,,1.651914115,0.705007556,,0.541933836,0.497783456,,0.629407633,0.686320151,,,
,,,,10:01.0,0.27049873,0.261943534,,1.647697227,0.705007556,,0.566373207,0.497783456,,0.63436213,0.686320151,,,
,,,,10:02.0,0.272249151,0.261943534,,1.661362383,0.705007556,,0.603511068,0.497783456,,0.628054515,0.686320151,,,
,,,,10:03.0,0.270458963,0.261943534,,1.644335618,0.705007556,,0.592186535,0.497783456,,1.100833668,0.686320151,,,
,,,,10:04.0,0.269484287,0.261943534,,1.642167499,0.705007556,,0.58277715,0.497783456,,1.103789709,0.686320151,,,
,,,,10:05.0,0.280106138,0.261943534,,1.647020923,0.705007556,,0.588002266,0.497783456,,1.133370912,0.686320151,,,
,,,,10:06.0,0.283050002,0.261943534,,1.657364285,0.705007556,,0.559420278,0.497783456,,1.142468024,0.686320151,,,
,,,,10:07.0,0.282055466,0.261943534,,1.639581658,0.705007556,,0.584650715,0.497783456,,1.146111032,0.686320151,,,
,,,,10:08.0,0.285238028,0.261943534,,1.646066155,0.705007556,,0.546784233,0.497783456,,1.143030101,0.686320151,,,
,,,,10:09.0,0.290787639,0.261943534,,1.650780323,0.705007556,,0.575366244,0.497783456,,1.155791036,0.686320151,,,
,,,,10:10.0,0.289474824,0.261943534,,1.643977594,0.705007556,,0.572514278,0.497783456,,1.144424849,0.686320151,,,
,,,,10:11.0,0.280225487,0.261943534,,1.983836527,0.705007556,,0.584338443,0.497783456,,1.179168723,0.686320151,,,
,,,,10:12.0,0.274297944,0.261943534,,2.109607799,0.705007556,,0.727643958,0.497783456,,1.147547434,0.686320151,,,
,,,,10:13.0,0.299261231,0.261943534,,1.860869886,0.705007556,,0.684469124,0.497783456,,0.733118877,0.686320151,,,
,,,,10:14.0,0.377651979,0.261943534,,2.102685697,0.705007556,,0.73347278,0.497783456,,0.813244214,0.686320151,,,
,,,,10:15.0,0.397224794,0.261943534,,1.9383854,0.705007556,,0.775023876,0.497783456,,0.82246624,0.686320151,,,
,,,,10:16.0,0.35219139,0.261943534,,1.88090019,0.705007556,,,,,0.842180103,0.686320151,,,
,,,,10:17.0,0.661338493,0.261943534,,1.882392029,0.705007556,,,,,1.005386864,0.686320151,,,
,,,,10:18.0,0.353464414,0.261943534,,1.870676177,0.705007556,,,,,0.900572329,0.686320151,,,
,,,,10:19.0,0.312727504,0.261943534,,1.850645873,0.705007556,,,,,0.937252213,0.686320151,,,
,,,,10:20.0,0.31067871,0.261943534,,1.838233835,0.705007556,,,,,,,,,
,,,,10:21.0,0.303895865,0.261943534,,1.841694885,0.705007556,,,,,,,,,
,,,,10:22.0,0.315174088,0.261943534,,1.831311733,0.705007556,,,,,,,,,
,,,,10:23.0,0.329575245,0.261943534,,1.837438182,0.705007556,,,,,,,,,
,,,,10:24.0,0.402814173,0.261943534,,1.82550354,0.705007556,,,,,,,,,
,,,,10:25.0,0.510584028,0.261943534,,1.909125643,0.705007556,,,,,,,,,
,,,,10:26.0,0.473168912,0.261943534,,1.924441755,0.705007556,,,,,,,,,
,,,,10:27.0,0.467937556,0.261943534,,1.386805857,0.705007556,,,,,,,,,
,,,,10:28.0,0.47002614,0.261943534,,1.436792128,0.705007556,,,,,,,,,
,,,,10:29.0,0.428593019,0.261943534,,,,,,,,,,,,
,,,,10:30.0,0.431417558,0.261943534,,,,,,,,,,,,
,,,,10:31.0,0.429348881,0.261943534,,,,,,,,,,,,
,,,,10:32.0,0.43531619,0.261943534,,,,,,,,,,,,
,,,,10:33.0,0.418567914,0.261943534,,,,,,,,,,,,
,,,,10:34.0,0.4205968,0.261943534,,,,,,,,,,,,
,,,,10:35.0,0.422168197,0.261943534,,,,,,,,,,,,
,,,,10:36.0,0.215102104,0.261943534,,,,,,,,,,,,
,,,,10:37.0,0.230239192,0.261943534,,,,,,,,,,,,
,,,,10:38.0,0.262741232,0.261943534,,,,,,,,,,,,
,,,,10:39.0,0.260055927,0.261943534,,,,,,,,,,,,
,,,,10:40.0,0.258643669,0.261943534,,,,,,,,,,,,
,,,,10:41.0,0.256535201,0.261943534,,,,,,,,,,,,
,,,,10:42.0,0.255162711,0.261943534,,,,,,,,,,,,
,,,,10:43.0,0.258723227,0.261943534,,,,,,,,,,,,
,,,,10:44.0,0.265187817,0.261943534,,,,,,,,,,,,
,,,,10:45.0,0.276247272,0.261943534,,,,,,,,,,,,
,,,,10:46.0,0.272010453,0.261943534,,,,,,,,,,,,
,,,,10:47.0,0.286073447,0.261943534,,,,,,,,,,,,
,,,,10:48.0,0.277241808,0.261943534,,,,,,,,,,,,
,,,,10:49.0,0.266102818,0.261943534,,,,,,,,,,,,
,,,,10:50.0,0.275630644,0.261943534,,,,,,,,,,,,
,,,,10:51.0,0.269941799,0.261943534,,,,,,,,,,,,
,,,,10:52.0,0.279748091,0.261943534,,,,,,,,,,,,
,,,,10:53.0,0.275332271,0.261943534,,,,,,,,,,,,
,,,,10:54.0,0.276267156,0.261943534,,,,,,,,,,,,
,,,,10:55.0,0.272627082,0.261943534,,,,,,,,,,,,
,,,,10:56.0,0.276127923,0.261943534,,,,,,,,,,,,
,,,,10:57.0,0.286511052,0.261943534,,,,,,,,,,,,
,,,,10:58.0,0.279648625,0.261943534,,,,,,,,,,,,
,,,,10:59.0,0.158929685,0.261943534,,,,,,,,,,,,
,,,,11:00.0,0.153837586,0.261943534,,,,,,,,,,,,
,,,,11:01.0,0.155050936,0.261943534,,,,,,,,,,,,
,,,,11:02.0,0.163663761,0.261943534,,,,,,,,,,,,
,,,,11:03.0,0.165135716,0.261943534,,,,,,,,,,,,
,,,,11:04.0,0.165016367,0.261943534,,,,,,,,,,,,
,,,,11:05.0,0.164359948,0.261943534,,,,,,,,,,,,
,,,,11:06.0,0.166488299,0.261943534,,,,,,,,,,,,
,,,,11:07.0,0.16107792,0.261943534,,,,,,,,,,,,
,,,,11:08.0,0.162152038,0.261943534,,,,,,,,,,,,
,,,,11:09.0,0.169352628,0.261943534,,,,,,,,,,,,
,,,,11:10.0,0.02750936,0.261943534,,,,,,,,,,,,
,,,,11:11.0,0.04598815,0.261943534,,,,,,,,,,,,
,,,,11:12.0,0.078032678,0.261943534,,,,,,,,,,,,
,,,,11:13.0,0.11405542,0.261943534,,,,,,,,,,,,
,,,,11:14.0,0.113796839,0.261943534,,,,,,,,,,,,
,,,,11:15.0,0.119883521,0.261943534,,,,,,,,,,,,
,,,,11:16.0,0.215639151,0.261943534,,,,,,,,,,,,
,,,,11:17.0,0.47995178,0.261943534,,,,,,,,,,,,
,,,,11:18.0,0.133270212,0.261943534,,,,,,,,,,,,
,,,,11:19.0,0.136214076,0.261943534,,,,,,,,,,,,
,,,,11:20.0,0.135875936,0.261943534,,,,,,,,,,,,
,,,,11:21.0,0.134622795,0.261943534,,,,,,,,,,,,
,,,,11:22.0,0.13798438,0.261943534,,,,,,,,,,,,
,,,,11:23.0,0.206827396,0.261943534,,,,,,,,,,,,
,,,,11:24.0,0.214206986,0.261943534,,,,,,,,,,,,
,,,,11:25.0,0.209393352,0.261943534,,,,,,,,,,,,
,,,,11:26.0,0.215977291,0.261943534,,,,,,,,,,,,
,,,,11:27.0,0.216912176,0.261943534,,,,,,,,,,,,
,,,,11:28.0,0.220611924,0.261943534,,,,,,,,,,,,
,,,,11:29.0,0.242014718,0.261943534,,,,,,,,,,,,
,,,,11:30.0,0.234257197,0.261943534,,,,,,,,,,,,
