Time,RAM,,Time,RAM,AVG: 0.261943534181408,Smallest,CPU
30:15.9,75.55776566,,00:00.0,0.345627335,0.261943534,75.21213833, 
30:16.9,75.55050542,,00:01.0,0.338367093,0.261943534,,5.812890665
30:17.9,75.55050542,,00:02.0,0.338367093,0.261943534,,0.926517052
30:18.9,75.55050542,,00:03.0,0.338367093,0.261943534,,2.889731065
30:19.9,75.55050542,,00:04.0,0.338367093,0.261943534,,4.185296781
30:20.9,75.5483373,,00:05.0,0.336198974,0.261943534,,3.505696149
30:21.9,75.56590111,,00:06.0,0.353762787,0.261943534,,38.78566885
30:22.9,75.60395274,,00:07.0,0.391814415,0.261943534,,38.94956823
30:23.9,75.6151912,,00:08.0,0.403052871,0.261943534,,33.10246326
30:24.9,75.62348579,,00:09.0,0.411347463,0.261943534,,32.27922526
30:25.9,75.660881,,00:10.0,0.448742672,0.261943534,,35.34048774
30:26.9,75.66344696,,00:11.0,0.451308629,0.261943534,,32.32685673
30:27.9,75.67613746,,00:12.0,0.463999133,0.261943534,,31.77732647
30:28.9,75.70738634,,00:13.0,0.495248009,0.261943534,,35.34926379
30:29.9,75.70840078,,00:14.0,0.496262452,0.261943534,,32.24726856
30:30.9,75.70098142,,00:15.0,0.488843094,0.261943534,,32.22739131
30:31.9,75.70480049,,00:16.0,0.492662168,0.261943534,,35.14355129
30:32.9,76.01649367,,00:17.0,0.804355345,0.261943534,,47.57978944
30:33.9,75.71404986,,00:18.0,0.501911529,0.261943534,,52.12172892
30:34.9,75.71822698,,00:19.0,0.50608865,0.261943534,,33.49841877
30:35.9,75.71046946,,00:20.0,0.498331129,0.261943534,,31.91720584
30:36.9,75.70820187,,00:21.0,0.496063545,0.261943534,,35.09289098
30:37.9,75.69974816,,00:22.0,0.487609836,0.261943534,,32.20654061
30:38.9,75.69475551,,00:23.0,0.482617179,0.261943534,,31.81528065
30:39.9,75.68469063,,00:24.0,0.472552306,0.261943534,,35.16691098
30:40.9,75.6876345,,00:25.0,0.47549617,0.261943534,,32.17576777
30:41.9,75.68132902,,00:26.0,0.469190697,0.261943534,,35.87239205
30:42.9,75.68839036,,00:27.0,0.476252032,0.261943534,,31.94311249
30:43.9,75.68234347,,00:28.0,0.47020514,0.261943534,,32.13636566
30:44.9,75.68033449,,00:29.0,0.468196161,0.261943534,,35.69028297
30:45.9,75.67657506,,00:30.0,0.464436738,0.261943534,,33.21821141
30:46.9,75.80180929,,00:31.0,0.589670963,0.261943534,,43.1811684
30:47.9,75.80429566,,00:32.0,0.592157338,0.261943534,,43.33791172
30:48.9,75.81551424,,00:33.0,0.60337591,0.261943534,,32.63168168
30:49.9,75.80093408,,00:34.0,0.588795752,0.261943534,,34.64869869
30:50.9,75.80556869,,00:35.0,0.593430363,0.261943534,,36.76183089
30:51.9,75.7977714,,00:36.0,0.585633074,0.261943534,,34.22165845
30:52.9,75.80650357,,00:37.0,0.594365248,0.261943534,,33.78717384
30:53.9,75.8057676,,00:38.0,0.59362927,0.261943534,,33.9246282
30:54.9,75.81024309,,00:39.0,0.598104764,0.261943534,,32.66235674
30:55.9,75.66921536,,00:40.0,0.457077031,0.261943534,,45.6310532
30:56.9,75.66637094,,00:41.0,0.454232609,0.261943534,,39.66184372
30:57.9,75.66855896,,00:42.0,0.456420635,0.261943534,,39.96343544
30:58.9,75.64675833,,00:43.0,0.434620003,0.261943534,,39.57618167
30:59.9,75.64836952,,00:44.0,0.436231191,0.261943534,,39.71404337
31:00.9,75.64693735,,00:45.0,0.434799027,0.261943534,,40.51411716
31:01.9,75.63756867,,00:46.0,0.425430341,0.261943534,,39.98324686
31:02.9,75.63655422,,00:47.0,0.424415898,0.261943534,,39.59832777
31:03.9,75.63275501,,00:48.0,0.420616684,0.261943534,,37.34894817
31:04.9,75.66368565,,00:49.0,0.451547327,0.261943534,,33.14461969
31:05.9,75.66308891,,00:50.0,0.450950582,0.261943534,,26.16680765
31:06.9,75.66477965,,00:51.0,0.452641328,0.261943534,,27.55123902
31:07.9,75.66487912,,00:52.0,0.452740793,0.261943534,,26.71203483
31:08.9,75.65431694,,00:53.0,0.442178617,0.261943534,,27.14219912
31:09.9,75.66953361,,00:54.0,0.457395287,0.261943534,,29.2946284
31:10.9,75.67060773,,00:55.0,0.458469405,0.261943534,,27.0342422
31:11.9,75.67038894,,00:56.0,0.458250614,0.261943534,,27.09953333
31:12.9,75.66358619,,00:57.0,0.451447861,0.261943534,,26.73339195
31:13.9,75.65650497,,00:58.0,0.444366643,0.261943534,,29.32485792
31:14.9,75.6678031,,00:59.0,0.455664774,0.261943534,,27.47710591
31:15.9,75.66040363,,01:00.0,0.448265299,0.261943534,,26.6288379
31:16.9,75.65570932,,01:01.0,0.443570991,0.261943534,,26.4712525
31:17.9,75.66316847,,01:02.0,0.45103014,0.261943534,,26.78318242
31:18.9,75.65815593,,01:03.0,0.446017599,0.261943534,,29.83639722
31:19.9,75.65938918,,01:04.0,0.447250856,0.261943534,,25.83614683
31:20.9,75.66277065,,01:05.0,0.450632325,0.261943534,,26.42442121
31:21.9,75.65212894,,01:06.0,0.439990615,0.261943534,,28.46305338
31:22.9,75.65405836,,01:07.0,0.441920036,0.261943534,,27.46980377
31:23.9,75.64250165,,01:08.0,0.430363324,0.261943534,,29.96197473
31:24.9,75.65089568,,01:09.0,0.438757357,0.261943534,,26.4077756
31:25.9,75.65139296,,01:10.0,0.439254637,0.261943534,,26.82674295
31:26.9,75.66651017,,01:11.0,0.454371842,0.261943534,,26.90340185
31:27.9,75.65875265,,01:12.0,0.44661432,0.261943534,,26.7018466
31:28.9,75.65549053,,01:13.0,0.4433522,0.261943534,,29.85211733
31:29.9,75.64992103,,01:14.0,0.437782705,0.261943534,,27.41275297
31:30.9,75.65495346,,01:15.0,0.44281513,0.261943534,,27.27947652
31:31.9,75.753832,,01:16.0,0.541693671,0.261943534,,29.87519898
31:32.9,76.02942287,,01:17.0,0.817284547,0.261943534,,46.80408437
31:33.9,75.66649028,,01:18.0,0.454351958,0.261943534,,41.27019964
31:34.9,75.66173633,,01:19.0,0.449597999,0.261943534,,32.93655615
31:35.9,75.65588834,,01:20.0,0.443750015,0.261943534,,32.19205085
31:36.9,75.66619191,,01:21.0,0.454053586,0.261943534,,35.25660512
31:37.9,75.66867831,,01:22.0,0.456539984,0.261943534,,32.51243145
31:38.9,75.65435673,,01:23.0,0.442218408,0.261943534,,35.68632064
31:39.9,75.66728594,,01:24.0,0.45514761,0.261943534,,32.41697809
31:40.9,75.66340716,,01:25.0,0.451268838,0.261943534,,32.36832467
31:41.9,75.67221892,,01:26.0,0.460080593,0.261943534,,35.76935441
31:42.9,75.66509791,,01:27.0,0.452959584,0.261943534,,32.23477359
31:43.9,75.67673418,,01:28.0,0.464595854,0.261943534,,35.0952083
31:44.9,75.6769132,,01:29.0,0.464774878,0.261943534,,32.76151276
31:45.9,75.66985187,,01:30.0,0.457713544,0.261943534,,32.0980051
31:46.9,75.68176663,,01:31.0,0.469628302,0.261943534,,35.69099602
31:47.9,75.68077207,,01:32.0,0.468633743,0.261943534,,32.55613039
31:48.9,75.67050829,,01:33.0,0.458369963,0.261943534,,33.37216083
31:49.9,75.66766387,,01:34.0,0.455525541,0.261943534,,34.72890533
31:50.9,75.68150805,,01:35.0,0.469369721,0.261943534,,32.24282847
31:51.9,75.66517747,,01:36.0,0.453039142,0.261943534,,36.09374247
31:52.9,75.68136881,,01:37.0,0.469230488,0.261943534,,32.758885
31:53.9,75.68055328,,01:38.0,0.468414952,0.261943534,,35.37968943
31:54.9,75.69503397,,01:39.0,0.482895644,0.261943534,,32.29450366
31:55.9,75.68156772,,01:40.0,0.469429395,0.261943534,,33.0949228
31:56.9,75.67317369,,01:41.0,0.461035362,0.261943534,,37.35486472
31:57.9,75.66183577,,01:42.0,0.449697441,0.261943534,,32.60500831
31:58.9,75.68134893,,01:43.0,0.469210604,0.261943534,,36.26098119
31:59.9,75.69212987,,01:44.0,0.479991548,0.261943534,,32.90430815
32:00.9,75.698316,,01:45.0,0.486177672,0.261943534,,34.69348056
32:01.9,75.69759993,,01:46.0,0.485461601,0.261943534,,33.97818683
32:02.9,75.68866885,,01:47.0,0.47653052,0.261943534,,32.0945293
32:03.9,75.77672663,,01:48.0,0.564588304,0.261943534,,40.0843712
32:04.9,75.77589121,,01:49.0,0.563752884,0.261943534,,43.62282511
32:05.9,75.77412091,,01:50.0,0.56198258,0.261943534,,32.68947858
32:06.9,75.77905389,,01:51.0,0.566915563,0.261943534,,33.10053295
32:07.9,75.78840269,,01:52.0,0.576264365,0.261943534,,33.52512063
32:08.9,75.79387274,,01:53.0,0.581734418,0.261943534,,34.64794695
32:09.9,75.7937534,,01:54.0,0.581615069,0.261943534,,31.46213869
32:10.9,75.79767194,,01:55.0,0.585533609,0.261943534,,32.16456265
32:11.9,75.79554358,,01:56.0,0.583405257,0.261943534,,33.45440491
32:12.9,75.78981497,,01:57.0,0.577676646,0.261943534,,33.52040715
32:13.9,75.71942044,,01:58.0,0.507282117,0.261943534,,34.84729805
32:14.9,75.72779459,,01:59.0,0.515656266,0.261943534,,31.18279095
32:15.9,75.59993474,,02:00.0,0.38779641,0.261943534,,39.30820545
32:16.9,75.6085277,,02:01.0,0.396389375,0.261943534,,26.90092028
32:17.9,75.62567379,,02:02.0,0.413535466,0.261943534,,26.45152577
32:18.9,75.66585377,,02:03.0,0.453715446,0.261943534,,30.16020515
32:19.9,75.67884265,,02:04.0,0.466704322,0.261943534,,25.30897784
32:20.9,75.68789308,,02:05.0,0.475754752,0.261943534,,26.85475584
32:21.9,75.68194565,,02:06.0,0.469807326,0.261943534,,27.80225116
32:22.9,75.68176663,,02:07.0,0.469628302,0.261943534,,26.50594669
32:23.9,75.57379787,,02:08.0,0.361659541,0.261943534,,29.72449132
32:24.9,75.58881563,,02:09.0,0.376677304,0.261943534,,26.58960925
32:25.9,75.5842009,,02:10.0,0.372062577,0.261943534,,26.43300645
32:26.9,75.62899561,,02:11.0,0.416857284,0.261943534,,26.79978597
32:27.9,75.65503304,,02:12.0,0.442894711,0.261943534,,26.85860625
32:28.9,75.68357672,,02:13.0,0.471438398,0.261943534,,29.78836217
32:29.9,75.68568517,,02:14.0,0.473546842,0.261943534,,26.30142728
32:30.9,75.68667973,,02:15.0,0.474541402,0.261943534,,26.45090501
32:31.9,75.69083697,,02:16.0,0.478698639,0.261943534,,26.57522022
32:32.9,75.99914865,,02:17.0,0.787010323,0.261943534,,42.31332049
32:33.9,75.68980264,,02:18.0,0.477664312,0.261943534,,48.07595767
32:34.9,75.6807323,,02:19.0,0.468593976,0.261943534,,26.97384364
32:35.9,75.68317891,,02:20.0,0.471040583,0.261943534,,27.44338247
32:36.9,75.6827214,,02:21.0,0.470583071,0.261943534,,26.8019029
32:37.9,75.68105056,,02:22.0,0.468912232,0.261943534,,27.13593648
32:38.9,75.66052297,,02:23.0,0.448384648,0.261943534,,28.93429863
32:39.9,75.62893594,,02:24.0,0.416797609,0.261943534,,26.77062908
32:40.9,75.60164537,,02:25.0,0.38950704,0.261943534,,24.7978875
32:41.9,75.58386276,,02:26.0,0.371724437,0.261943534,,26.47848503
32:42.9,75.56255941,,02:27.0,0.350421085,0.261943534,,26.42715477
32:43.9,75.56826816,,02:28.0,0.356129836,0.261943534,,29.47989413
32:44.9,75.56556297,,02:29.0,0.353424647,0.261943534,,26.26242735
32:45.9,75.54762121,,02:30.0,0.335482881,0.261943534,,32.37169354
32:46.9,75.52369225,,02:31.0,0.311553921,0.261943534,,26.42898639
32:47.9,75.51621321,,02:32.0,0.304074888,0.261943534,,26.32112483
32:48.9,75.47215446,,02:33.0,0.260016136,0.261943534,,29.17223701
32:49.9,75.46033917,,02:34.0,0.248200842,0.261943534,,26.0515928
32:50.9,75.39442013,,02:35.0,0.182281807,0.261943534,,26.63996956
32:51.9,75.34359844,,02:36.0,0.131460116,0.261943534,,26.20655608
32:52.9,75.29651627,,02:37.0,0.084377942,0.261943534,,26.41497552
32:53.9,75.26658018,,02:38.0,0.054441858,0.261943534,,29.84536394
32:54.9,75.25723138,,02:39.0,0.045093056,0.261943534,,30.85941442
32:55.9,75.23391905,,02:40.0,0.021780725,0.261943534,,31.58225736
32:56.9,75.23680326,,02:41.0,0.024664938,0.261943534,,35.13001239
32:57.9,75.22741467,,02:42.0,0.015276344,0.261943534,, 
32:58.9,75.22315797,,02:43.0,0.011019642,0.261943534,,31.65928678
32:59.9,75.23549045,,02:44.0,0.023352122,0.261943534,,34.66190218
33:00.9,75.22144734,,02:45.0,0.009309012,0.261943534,,32.40914389
33:01.9,75.23616673,,02:46.0,0.024028402,0.261943534,,34.22252772
33:02.9,75.23493349,,02:47.0,0.022795168,0.261943534,,32.22361479
33:03.9,75.23610708,,02:48.0,0.023968751,0.261943534,,31.66151776
33:04.9,75.23473459,,02:49.0,0.022596261,0.261943534,,34.68770675
33:05.9,75.22642011,,02:50.0,0.014281785,0.261943534,,31.50562174
33:06.9,75.22892639,,02:51.0,0.016788067,0.261943534,,35.93041976
33:07.9,75.24750465,,02:52.0,0.035366323,0.261943534,,31.65798865
33:08.9,75.22357569,,02:53.0,0.011437363,0.261943534,,32.12475898
33:09.9,75.23662424,,02:54.0,0.024485914,0.261943534,,36.09045067
33:10.9,75.24129864,,02:55.0,0.029160315,0.261943534,,32.44771433
33:11.9,75.23757901,,02:56.0,0.025440683,0.261943534,,32.41768425
33:12.9,75.2244509,,02:57.0,0.012312573,0.261943534,,34.84485444
33:13.9,75.21854324,,02:58.0,0.006404915,0.261943534,,33.28455232
33:14.9,75.2137694,,02:59.0,0.001631072,0.261943534,,36.08717163
33:15.9,75.21213833,,03:00.0,0,0.261943534,,32.93529037
33:16.9,75.22335688,,03:01.0,0.011218549,0.261943534,,36.45472392
33:17.9,75.22721576,,03:02.0,0.015077437,0.261943534,,31.18913328
33:18.9,75.22560458,,03:03.0,0.013466249,0.261943534,,35.59844031
33:19.9,75.34145021,,03:04.0,0.129311881,0.261943534,,46.18430473
33:20.9,75.35018238,,03:05.0,0.138044055,0.261943534,,34.73364374
33:21.9,75.35656744,,03:06.0,0.144429109,0.261943534,,34.09073109
33:22.9,75.3368156,,03:07.0,0.124677271,0.261943534,,33.14644153
33:23.9,75.34417528,,03:08.0,0.132036954,0.261943534,,35.45192448
33:24.9,75.34427475,,03:09.0,0.132136419,0.261943534,,32.79279736
33:25.9,75.34686059,,03:10.0,0.13472226,0.261943534,,32.66258614
33:26.9,75.35742274,,03:11.0,0.145284412,0.261943534,,31.61472025
33:27.9,75.34534886,,03:12.0,0.133210537,0.261943534,,33.39482719
33:28.9,75.34884968,,03:13.0,0.136711355,0.261943534,,35.68026821
33:29.9,75.24965288,,03:14.0,0.037514558,0.261943534,,35.00801402
33:30.9,75.24052287,,03:15.0,0.028384547,0.261943534,,32.13337241
33:31.9,75.33643767,,03:16.0,0.12429934,0.261943534,,28.85533202
33:32.9,75.60920398,,03:17.0,0.397065654,0.261943534,,48.29678989
33:33.9,75.24810139,,03:18.0,0.035963068,0.261943534,,38.56640382
33:34.9,75.23994604,,03:19.0,0.027807709,0.261943534,,26.95032498
33:35.9,75.24320818,,03:20.0,0.031069852,0.261943534,,26.5359189
33:36.9,75.23210896,,03:21.0,0.019970629,0.261943534,,25.99615537
33:37.9,75.23346156,,03:22.0,0.021323236,0.261943534,,28.24078118
33:38.9,75.22854846,,03:23.0,0.016410137,0.261943534,,26.34332694
33:39.9,75.25562022,,03:24.0,0.043481891,0.261943534,,29.59226826
33:40.9,75.25965811,,03:25.0,0.04751978,0.261943534,,26.54578926
33:41.9,75.25094582,,03:26.0,0.03880749,0.261943534,,26.79194188
33:42.9,75.2467289,,03:27.0,0.034590578,0.261943534,,29.66547425
33:43.9,75.26558565,,03:28.0,0.053447322,0.261943534,,26.77621355
33:44.9,75.25997636,,03:29.0,0.047838036,0.261943534,,26.41472616
33:45.9,75.23308363,,03:30.0,0.020945305,0.261943534,,26.46485246
33:46.9,75.2469676,,03:31.0,0.034829276,0.261943534,,27.20288545
33:47.9,75.25492403,,03:32.0,0.042785704,0.261943534,,29.64581856
33:48.9,75.24424251,,03:33.0,0.032104179,0.261943534,,26.60673624
33:49.9,75.25114472,,03:34.0,0.039006397,0.261943534,,27.97218461
33:50.9,75.25122428,,03:35.0,0.039085955,0.261943534,,26.67091715
33:51.9,75.24473979,,03:36.0,0.032601459,0.261943534,,26.27303223
33:52.9,75.25046842,,03:37.0,0.038330094,0.261943534,,29.02104013
33:53.9,75.24959321,,03:38.0,0.037454884,0.261943534,,26.25100505
33:54.9,75.25918071,,03:39.0,0.047042384,0.261943534,,26.47355769
33:55.9,75.25723138,,03:40.0,0.045093056,0.261943534,,26.65161707
33:56.9,75.25918071,,03:41.0,0.047042384,0.261943534,,26.34107824
33:57.9,75.2585442,,03:42.0,0.046405871,0.261943534,,26.66656283
33:58.9,75.23755913,,03:43.0,0.025420799,0.261943534,,30.21595038
33:59.9,75.24477958,,03:44.0,0.03264125,0.261943534,,26.24557911
34:00.9,75.24666923,,03:45.0,0.034530903,0.261943534,,27.22440067
34:01.9,75.25215917,,03:46.0,0.04002084,0.261943534,,26.10145707
34:02.9,75.40585752,,03:47.0,0.193719193,0.261943534,,39.5767981
34:03.9,75.39205311,,03:48.0,0.179914781,0.261943534,,29.7006392
34:04.9,75.38906945,,03:49.0,0.176931126,0.261943534,,26.64396734
34:05.9,75.38385798,,03:50.0,0.171719655,0.261943534,,35.51619887
34:06.9,75.38785608,,03:51.0,0.175717752,0.261943534,,32.93285537
34:07.9,75.37836804,,03:52.0,0.166229717,0.261943534,,34.13515433
34:08.9,75.35905381,,03:53.0,0.146915484,0.261943534,,35.57828065
34:09.9,75.35559276,,03:54.0,0.143454433,0.261943534,,32.54670712
34:10.9,75.35770123,,03:55.0,0.145562901,0.261943534,,35.35853175
34:11.9,75.36195791,,03:56.0,0.149819581,0.261943534,,32.32768594
34:12.9,75.36426528,,03:57.0,0.152126956,0.261943534,,31.62132955
34:13.9,75.36072465,,03:58.0,0.148586324,0.261943534,,34.78490711
34:14.9,75.36024728,,03:59.0,0.148108951,0.261943534,,32.08496137
34:15.9,75.35827807,,04:00.0,0.146139739,0.261943534,,31.96929486
34:16.9,75.37307701,,04:01.0,0.160938688,0.261943534,,34.24172172
34:17.9,75.36472277,,04:02.0,0.152584445,0.261943534,,32.14800597
34:18.9,75.39909456,,04:03.0,0.186956232,0.261943534,,36.45905345
34:19.9,75.38302256,,04:04.0,0.170884235,0.261943534,,34.09400807
34:20.9,75.38176942,,04:05.0,0.169631094,0.261943534,,31.962453
34:21.9,75.40494252,,04:06.0,0.192804192,0.261943534,,36.64619465
34:22.9,75.40450491,,04:07.0,0.192366587,0.261943534,,31.96922308
34:23.9,75.53447321,,04:08.0,0.322334888,0.261943534,,63.752348
34:24.9,75.43533609,,04:09.0,0.223197765,0.261943534,,48.3994839
34:25.9,75.47000623,,04:10.0,0.257867901,0.261943534,,41.0790976
34:26.9,75.48512346,,04:11.0,0.272985129,0.261943534,,42.1946831
34:27.9,75.48052861,,04:12.0,0.268390286,0.261943534,,39.52957103
34:28.9,75.62581302,,04:13.0,0.413674698,0.261943534,,58.56166798
34:29.9,75.62338632,,04:14.0,0.411247998,0.261943534,,63.46273195
34:30.9,75.6165438,,04:15.0,0.404405478,0.261943534,,59.60855016
34:31.9,75.63740953,,04:16.0,0.425271201,0.261943534,,63.5549043
34:32.9,75.83355545,,04:17.0,0.621417118,0.261943534,,71.41925248
34:33.9,75.52530344,,04:18.0,0.313165109,0.261943534,,58.90474399
34:34.9,75.51092219,,04:19.0,0.298783858,0.261943534,,42.26303412
34:35.9,75.52629797,,04:20.0,0.314159645,0.261943534,,42.34220967
34:36.9,75.51760559,,04:21.0,0.305467262,0.261943534,,39.56313293
34:37.9,75.53196693,,04:22.0,0.319828605,0.261943534,,42.36792068
34:38.9,75.53214596,,04:23.0,0.320007629,0.261943534,,41.77458317
34:39.9,75.53737731,,04:24.0,0.325238984,0.261943534,,39.98893227
34:40.9,75.5454133,,04:25.0,0.333274971,0.261943534,,42.8526844
34:41.9,75.54308604,,04:26.0,0.330947712,0.261943534,,39.4267048
34:42.9,75.52418953,,04:27.0,0.3120512,0.261943534,,42.71988263
34:43.9,75.52239934,,04:28.0,0.310261012,0.261943534,,42.18723637
34:44.9,75.52840644,,04:29.0,0.316268113,0.261943534,,39.06820213
34:45.9,75.5213849,,04:30.0,0.309246569,0.261943534,,42.78498472
34:46.9,75.52480616,,04:31.0,0.312667829,0.261943534,,39.77230414
34:47.9,75.52395083,,04:32.0,0.311812502,0.261943534,,42.10525931
34:48.9,75.53628331,,04:33.0,0.324144983,0.261943534,,42.49932148
34:49.9,75.52958,,04:34.0,0.317441672,0.261943534,,39.59437319
34:50.9,75.51702873,,04:35.0,0.304890401,0.261943534,,42.26110646
34:51.9,75.5331604,,04:36.0,0.321022072,0.261943534,,41.30276729
34:52.9,75.5211462,,04:37.0,0.309007871,0.261943534,,39.07929623
34:53.9,75.53395605,,04:38.0,0.321817724,0.261943534,,42.58373663
34:54.9,75.54310595,,04:39.0,0.330967619,0.261943534,,45.62207321
34:55.9,75.54996837,,04:40.0,0.337830046,0.261943534,,59.4680969
34:56.9,75.54312583,,04:41.0,0.330987503,0.261943534,,62.77522727
34:57.9,75.54803893,,04:42.0,0.335900602,0.261943534,,62.71822176
34:58.9,75.55374766,,04:43.0,0.34160933,0.261943534,,54.6786285
34:59.9,75.6564453,,04:44.0,0.444306969,0.261943534,,54.72467072
35:00.9,75.55681089,,04:45.0,0.344672566,0.261943534,,54.06467983
35:01.9,75.58437993,,04:46.0,0.372241601,0.261943534,,33.42976639
35:02.9,75.59150094,,04:47.0,0.379362609,0.261943534,,31.41700921
35:03.9,75.59545924,,04:48.0,0.383320917,0.261943534,,32.35446224
35:04.9,75.62213318,,04:49.0,0.409994857,0.261943534,,32.13143293
35:05.9,75.63991581,,04:50.0,0.427777483,0.261943534,,35.46132075
35:06.9,75.65280522,,04:51.0,0.440666895,0.261943534,,31.77330955
35:07.9,75.64345642,,04:52.0,0.431318092,0.261943534,,33.60855807
35:08.9,75.5318277,,04:53.0,0.319689373,0.261943534,,41.99807583
35:09.9,75.53095249,,04:54.0,0.318814162,0.261943534,,26.3180678
35:10.9,75.43288948,,04:55.0,0.220751157,0.261943534,,29.3800053
35:11.9,75.43949333,,04:56.0,0.227355002,0.261943534,,26.52446533
35:12.9,75.44494348,,04:57.0,0.232805149,0.261943534,,26.006698
35:13.9,75.41844856,,04:58.0,0.206310232,0.261943534,,26.59966291
35:14.9,75.3612816,,04:59.0,0.149143278,0.261943534,,29.26202386
35:15.9,75.38131193,,05:00.0,0.169173605,0.261943534,,26.38293085
35:16.9,75.39235148,,05:01.0,0.180213153,0.261943534,,26.56778065
35:17.9,75.39527546,,05:02.0,0.183137134,0.261943534,,26.51370156
35:18.9,75.42081561,,05:03.0,0.208677282,0.261943534,,26.89411879
35:19.9,75.4678779,,05:04.0,0.255739573,0.261943534,,29.24875429
35:20.9,75.46483455,,05:05.0,0.25269622,0.261943534,,26.8504539
35:21.9,75.45982201,,05:06.0,0.247683679,0.261943534,,27.64903709
35:22.9,75.46507324,,05:07.0,0.252934918,0.261943534,,26.31226367
35:23.9,75.45108983,,05:08.0,0.238951505,0.261943534,,26.228129
35:24.9,75.45922526,,05:09.0,0.247086934,0.261943534,,30.04686929
35:25.9,75.46990679,,05:10.0,0.257768459,0.261943534,,26.08686369
35:26.9,75.47149807,,05:11.0,0.25935974,0.261943534,,26.33102344
35:27.9,75.47623214,,05:12.0,0.264093815,0.261943534,,25.94763111
35:28.9,75.47553596,,05:13.0,0.263397629,0.261943534,,26.38668596
35:29.9,75.46931004,,05:14.0,0.257171714,0.261943534,,28.74501918
35:30.9,75.46310403,,05:15.0,0.250965706,0.261943534,,26.21470519
35:31.9,75.56773109,,05:16.0,0.355592766,0.261943534,,28.93878491
35:32.9,75.83924429,,05:17.0,0.627105963,0.261943534,,45.34545481
35:33.9,75.47700789,,05:18.0,0.264869561,0.261943534,,37.35966766
35:34.9,75.48168229,,05:19.0,0.269543962,0.261943534,,29.46339064
35:35.9,75.47052339,,05:20.0,0.258385064,0.261943534,,26.58725461
35:36.9,75.48492455,,05:21.0,0.272786222,0.261943534,,26.168285
35:37.9,75.47217437,,05:22.0,0.260036043,0.261943534,,26.24853257
35:38.9,75.47983243,,05:23.0,0.267694099,0.261943534,,29.4578167
35:39.9,75.48753027,,05:24.0,0.275391946,0.261943534,,26.53401382
35:40.9,75.48922102,,05:25.0,0.277082692,0.261943534,,26.43001641
35:41.9,75.48154306,,05:26.0,0.269404729,0.261943534,,26.44565006
35:42.9,75.48623736,,05:27.0,0.274099037,0.261943534,,26.17590495
35:43.9,75.49618289,,05:28.0,0.284044561,0.261943534,,29.5341509
35:44.9,75.49693875,,05:29.0,0.284800422,0.261943534,,29.02816307
35:45.9,75.50487529,,05:30.0,0.292736967,0.261943534,,31.98029003
35:46.9,75.50308511,,05:31.0,0.290946779,0.261943534,,34.0770721
35:47.9,75.51601428,,05:32.0,0.303875958,0.261943534,,32.59835789
35:48.9,75.51386605,,05:33.0,0.301727722,0.261943534,,31.56974741
35:49.9,75.50803797,,05:34.0,0.295899645,0.261943534,,33.64735033
35:50.9,75.5057505,,05:35.0,0.293612178,0.261943534,,31.69393804
35:51.9,75.51565626,,05:36.0,0.303517934,0.261943534,,32.47435999
35:52.9,75.52570125,,05:37.0,0.313562923,0.261943534,,30.69451731
35:53.9,75.49845047,,05:38.0,0.286312145,0.261943534,,32.32104806
35:54.9,75.50294585,,05:39.0,0.290807523,0.261943534,,34.91868844
35:55.9,75.50676495,,05:40.0,0.294626621,0.261943534,,32.23136494
35:56.9,75.51014642,,05:41.0,0.29800809,0.261943534,,35.32206118
35:57.9,75.49574528,,05:42.0,0.283606956,0.261943534,,32.37164447
35:58.9,75.50473606,,05:43.0,0.292597734,0.261943534,,32.90504937
35:59.9,75.50682462,,05:44.0,0.294686295,0.261943534,,35.09971729
36:00.9,75.50919165,,05:45.0,0.297053321,0.261943534,,32.72914173
36:01.9,75.48768941,,05:46.0,0.275551085,0.261943534,,36.18244774
36:02.9,75.49035481,,05:47.0,0.278216484,0.261943534,,31.76101728
36:03.9,75.3720029,,05:48.0,0.15986457,0.261943534,,35.65633545
36:04.9,75.35595081,,05:49.0,0.14381248,0.261943534,,32.22926199
36:05.9,75.36321105,,05:50.0,0.151072722,0.261943534,,31.99559417
36:06.9,75.3675274,,05:51.0,0.155389076,0.261943534,,34.76157603
36:07.9,75.36291268,,05:52.0,0.150774349,0.261943534,,31.53444744
36:08.9,75.36148051,,05:53.0,0.149342185,0.261943534,,33.90383362
36:09.9,75.51629277,,05:54.0,0.304154446,0.261943534,,44.9456291
36:10.9,75.50823688,,05:55.0,0.296098553,0.261943534,,30.56727695
36:11.9,75.50845569,,05:56.0,0.296317367,0.261943534,,32.67009442
36:12.9,75.49809242,,05:57.0,0.285954098,0.261943534,,32.14804673
36:13.9,75.49037469,,05:58.0,0.278236368,0.261943534,,35.77581853
36:14.9,75.47861908,,05:59.0,0.266480749,0.261943534,,32.07229399
36:15.9,75.47491933,,06:00.0,0.262781,0.261943534,,32.80481194
36:16.9,75.48391011,,06:01.0,0.271771778,0.261943534,,33.22425945
36:17.9,75.47366619,,06:02.0,0.261527859,0.261943534,,33.93008944
36:18.9,75.46294489,,06:03.0,0.250806566,0.261943534,,32.93745921
36:19.9,75.36428517,,06:04.0,0.15214684,0.261943534,,43.48516434
36:20.9,75.36414593,,06:05.0,0.152007607,0.261943534,,29.5250341
36:21.9,75.3468208,,06:06.0,0.134682469,0.261943534,,27.5645949
36:22.9,75.35069957,,06:07.0,0.138561241,0.261943534,,26.57979812
36:23.9,75.3504012,,06:08.0,0.138262869,0.261943534,,26.98888464
36:24.9,75.35032164,,06:09.0,0.138183311,0.261943534,,29.6472056
36:25.9,75.3483524,,06:10.0,0.136214076,0.261943534,,25.93413471
36:26.9,75.34341942,,06:11.0,0.131281093,0.261943534,,26.56210234
36:27.9,75.3454881,,06:12.0,0.13334977,0.261943534,,26.66166481
36:28.9,75.35209194,,06:13.0,0.139953615,0.261943534,,29.65336366
36:29.9,75.34117174,,06:14.0,0.129033416,0.261943534,,26.54625843
36:30.9,75.33952076,,06:15.0,0.127382437,0.261943534,,26.54810004
36:31.9,75.34914805,,06:16.0,0.137009728,0.261943534,,26.86142138
36:32.9,75.64918505,,06:17.0,0.437046727,0.261943534,,42.82673641
36:33.9,75.33516462,,06:18.0,0.123026292,0.261943534,,44.96261489
36:34.9,75.34009762,,06:19.0,0.127959298,0.261943534,,29.66266378
36:35.9,75.34642298,,06:20.0,0.134284655,0.261943534,,26.5096904
36:36.9,75.3419276,,06:21.0,0.129789277,0.261943534,,26.48972496
36:37.9,75.33484636,,06:22.0,0.122708036,0.261943534,,26.07836401
36:38.9,75.33466734,,06:23.0,0.122529012,0.261943534,,26.17866907
36:39.9,75.34152977,,06:24.0,0.129391439,0.261943534,,29.36268886
36:40.9,75.34005783,,06:25.0,0.127919507,0.261943534,,26.3897748
36:41.9,75.34202705,,06:26.0,0.129888719,0.261943534,,26.29460398
36:42.9,75.33904339,,06:27.0,0.126905064,0.261943534,,26.5215368
36:43.9,75.35030173,,06:28.0,0.138163404,0.261943534,,30.33046495
36:44.9,75.35063989,,06:29.0,0.138501567,0.261943534,,27.28760179
36:45.9,75.35491646,,06:30.0,0.14277813,0.261943534,,26.42767525
36:46.9,75.35618951,,06:31.0,0.144051178,0.261943534,,26.82329931
36:47.9,75.35135596,,06:32.0,0.139217638,0.261943534,,29.25013851
36:48.9,75.33950088,,06:33.0,0.127362553,0.261943534,,27.62320468
36:49.9,75.34564721,,06:34.0,0.133508886,0.261943534,,26.82632245
36:50.9,75.34574668,,06:35.0,0.133608351,0.261943534,,27.73561552
36:51.9,75.33884448,,06:36.0,0.126706157,0.261943534,,27.75553709
36:52.9,75.3432404,,06:37.0,0.131102069,0.261943534,,26.31316078
36:53.9,75.3477358,,06:38.0,0.13559747,0.261943534,,26.3494631
36:54.9,75.33784992,,06:39.0,0.125711598,0.261943534,,26.51773896
36:55.9,75.34833252,,06:40.0,0.136194192,0.261943534,,34.66109284
36:56.9,75.34576656,,06:41.0,0.133628235,0.261943534,,32.1663766
36:57.9,75.36076444,,06:42.0,0.148626114,0.261943534,,34.98295055
36:58.9,75.3524102,,06:43.0,0.140271871,0.261943534,,32.10248498
36:59.9,75.36973531,,06:44.0,0.157596986,0.261943534,,34.30961608
37:00.9,75.3670898,,06:45.0,0.154951471,0.261943534,,32.08182324
37:01.9,75.36541896,,06:46.0,0.153280632,0.261943534,,31.55924998
37:02.9,75.35414071,,06:47.0,0.142002385,0.261943534,,34.30925705
37:03.9,75.35014261,,06:48.0,0.138004287,0.261943534,,31.44541564
37:04.9,75.34924752,,06:49.0,0.137109193,0.261943534,,33.761742
37:05.9,75.34694014,,06:50.0,0.134801818,0.261943534,,32.04397061
37:06.9,75.34600526,,06:51.0,0.133866933,0.261943534,,34.07459613
37:07.9,75.35276822,,06:52.0,0.140629895,0.261943534,,32.60114207
37:08.9,75.35380257,,06:53.0,0.141664245,0.261943534,,31.52650921
37:09.9,75.33938153,,06:54.0,0.127243204,0.261943534,,34.63755366
37:10.9,75.34998347,,06:55.0,0.137845147,0.261943534,,32.15930002
37:11.9,75.34984424,,06:56.0,0.137705915,0.261943534,,31.8171923
37:12.9,75.34672135,,06:57.0,0.134583027,0.261943534,,34.90025232
37:13.9,75.33997828,,06:58.0,0.127839949,0.261943534,,31.692011
37:14.9,75.32987361,,06:59.0,0.117735285,0.261943534,,34.49962167
37:15.9,75.33594039,,07:00.0,0.12380206,0.261943534,,31.75106383
37:16.9,75.33160413,,07:01.0,0.119465799,0.261943534,,31.38582578
37:17.9,75.3227327,,07:02.0,0.110594369,0.261943534,,34.53765911
37:18.9,75.32661147,,07:03.0,0.114473142,0.261943534,,31.40944176
37:19.9,75.33062945,,07:04.0,0.118491123,0.261943534,,33.34662643
37:20.9,75.43875735,,07:05.0,0.226619025,0.261943534,,49.72480184
37:21.9,75.43279002,,07:06.0,0.220651692,0.261943534,,31.89225024
37:22.9,75.44546064,,07:07.0,0.233322312,0.261943534,,44.39004358
37:23.9,75.43042299,,07:08.0,0.218284666,0.261943534,,36.40904608
37:24.9,75.43810096,,07:09.0,0.225962629,0.261943534,,33.62797505
37:25.9,75.43967235,,07:10.0,0.227534026,0.261943534,,32.05539342
37:26.9,75.44935929,,07:11.0,0.237220968,0.261943534,,32.75813658
37:27.9,75.44247698,,07:12.0,0.230338657,0.261943534,,33.00192474
37:28.9,75.43398349,,07:13.0,0.221845158,0.261943534,,36.29431532
37:29.9,75.43382437,,07:14.0,0.221686042,0.261943534,,31.61675739
37:30.9,75.3434393,,07:15.0,0.131300977,0.261943534,,39.00667985
37:31.9,75.4627261,,07:16.0,0.250587775,0.261943534,,31.18648649
37:32.9,75.70096151,,07:17.0,0.488823187,0.261943534,,48.95134757
37:33.9,75.33158424,,07:18.0,0.119445915,0.261943534,,38.12738907
37:34.9,75.33711395,,07:19.0,0.12497562,0.261943534,,26.72050069
37:35.9,75.33315564,,07:20.0,0.121017313,0.261943534,,26.47338947
37:36.9,75.33510494,,07:21.0,0.122966617,0.261943534,,25.74418867
37:37.9,75.34089325,,07:22.0,0.128754927,0.261943534,,28.791577
37:38.9,75.34425484,,07:23.0,0.132116512,0.261943534,,26.20755254
37:39.9,75.33393138,,07:24.0,0.121793058,0.261943534,,26.53560218
37:40.9,75.3356619,,07:25.0,0.123523572,0.261943534,,26.05105063
37:41.9,75.34013739,,07:26.0,0.127999065,0.261943534,,25.92529763
37:42.9,75.34015728,,07:27.0,0.128018949,0.261943534,,26.40540151
37:43.9,75.34644287,,07:28.0,0.134304538,0.261943534,,29.49532881
37:44.9,75.34771589,,07:29.0,0.135577563,0.261943534,,26.87879102
37:45.9,75.34445377,,07:30.0,0.132315443,0.261943534,,31.06048184
37:46.9,75.34739763,,07:31.0,0.135259307,0.261943534,,27.35993785
37:47.9,75.33580113,,07:32.0,0.123662804,0.261943534,,29.02791501
37:48.9,75.33305617,,07:33.0,0.120917847,0.261943534,,25.20971333
37:49.9,75.33293683,,07:34.0,0.120798498,0.261943534,,25.9687184
37:50.9,75.33619897,,07:35.0,0.124060642,0.261943534,,26.23077569
37:51.9,75.33643767,,07:36.0,0.12429934,0.261943534,,26.51936765
37:52.9,75.32730766,,07:37.0,0.115169329,0.261943534,,28.67580045
37:53.9,75.33675592,,07:38.0,0.124617596,0.261943534,,27.07176656
37:54.9,75.33158424,,07:39.0,0.119445915,0.261943534,,26.29793175
37:55.9,75.33076871,,07:40.0,0.118630379,0.261943534,,26.50449749
37:56.9,75.33552267,,07:41.0,0.123384339,0.261943534,,26.56462648
37:57.9,75.32601472,,07:42.0,0.113876397,0.261943534,,25.96016917
37:58.9,75.33488615,,07:43.0,0.122747826,0.261943534,,28.97345074
37:59.9,75.33104717,,07:44.0,0.118908845,0.261943534,,26.5417194
38:00.9,75.33689516,,07:45.0,0.124756829,0.261943534,,25.90240431
38:01.9,75.3345679,,07:46.0,0.12242957,0.261943534,,26.17251834
38:02.9,75.32788449,,07:47.0,0.115746167,0.261943534,,26.83672165
38:03.9,75.32772535,,07:48.0,0.115587027,0.261943534,,28.37522
38:04.9,75.33546299,,07:49.0,0.123324664,0.261943534,,26.51428355
38:05.9,75.33840688,,07:50.0,0.126268552,0.261943534,,32.40588991
38:06.9,75.3434393,,07:51.0,0.131300977,0.261943534,,34.71320334
38:07.9,75.33422976,,07:52.0,0.12209143,0.261943534,,31.26156297
38:08.9,75.34290226,,07:53.0,0.130763929,0.261943534,,30.145074
38:09.9,75.3432404,,07:54.0,0.131102069,0.261943534,,34.9140686
38:10.9,75.3432404,,07:55.0,0.131102069,0.261943534,,31.19226134
38:11.9,75.32657168,,07:56.0,0.114433351,0.261943534,,34.17013495
38:12.9,75.33594039,,07:57.0,0.12380206,0.261943534,,31.72682951
38:13.9,75.33235999,,07:58.0,0.120221661,0.261943534,,32.82578165
38:14.9,75.33781013,,07:59.0,0.125671807,0.261943534,,34.55604326
38:15.9,75.34063467,,08:00.0,0.128496345,0.261943534,,31.98953311
38:16.9,75.33430932,,08:01.0,0.122170988,0.261943534,,34.54078311
38:17.9,75.3387649,,08:02.0,0.126626575,0.261943534,,30.79842842
38:18.9,75.33665646,,08:03.0,0.124518131,0.261943534,,34.25638791
38:19.9,75.33474692,,08:04.0,0.122608594,0.261943534,,31.90114523
38:20.9,75.33944121,,08:05.0,0.127302879,0.261943534,,31.80392322
38:21.9,75.34558756,,08:06.0,0.133449235,0.261943534,,36.91092005
38:22.9,75.34727828,,08:07.0,0.135139958,0.261943534,,32.11304281
38:23.9,75.34043576,,08:08.0,0.128297438,0.261943534,,31.92861823
38:24.9,75.3470197,,08:09.0,0.134881376,0.261943534,,35.1851251
38:25.9,75.34626384,,08:10.0,0.134125515,0.261943534,,31.9564223
38:26.9,75.33918262,,08:11.0,0.127044297,0.261943534,,34.97301134
38:27.9,75.33655699,,08:12.0,0.124418666,0.261943534,,31.56851519
38:28.9,75.33673602,,08:13.0,0.124597689,0.261943534,,34.87113326
38:29.9,75.34867066,,08:14.0,0.136532332,0.261943534,,31.71450293
38:30.9,75.34109216,,08:15.0,0.128953834,0.261943534,,31.95496342
38:31.9,75.39247083,,08:16.0,0.180332502,0.261943534,,41.26268957
38:32.9,75.70507898,,08:17.0,0.492940657,0.261943534,,59.96534243
38:33.9,75.40526078,,08:18.0,0.193122448,0.261943534,,51.31837784
38:34.9,75.40030791,,08:19.0,0.188169582,0.261943534,,32.95524727
38:35.9,75.42340145,,08:20.0,0.211263122,0.261943534,,35.79633317
38:36.9,75.42682271,,08:21.0,0.214684382,0.261943534,,33.65535411
38:37.9,75.42879192,,08:22.0,0.216653594,0.261943534,,32.82261454
38:38.9,75.42290417,,08:23.0,0.210765842,0.261943534,,30.92218601
38:39.9,75.42493306,,08:24.0,0.212794729,0.261943534,,31.77038898
38:40.9,75.42067638,,08:25.0,0.208538049,0.261943534,,32.25987074
38:41.9,75.43581346,,08:26.0,0.223675137,0.261943534,,33.18414419
38:42.9,75.32330953,,08:27.0,0.111171207,0.261943534,,38.06556868
38:43.9,75.3325191,,08:28.0,0.120380777,0.261943534,,26.77297176
38:44.9,75.33385183,,08:29.0,0.1217135,0.261943534,,25.76873411
38:45.9,75.33635809,,08:30.0,0.124219758,0.261943534,,26.03225709
38:46.9,75.33784992,,08:31.0,0.125711598,0.261943534,,29.42272938
38:47.9,75.33359322,,08:32.0,0.121454895,0.261943534,,26.15094878
38:48.9,75.32509975,,08:33.0,0.112961419,0.261943534,,25.77344962
38:49.9,75.32521909,,08:34.0,0.113080768,0.261943534,,26.09210063
38:50.9,75.33214117,,08:35.0,0.120002846,0.261943534,,26.43702605
38:51.9,75.32241444,,08:36.0,0.110276113,0.261943534,,28.22772627
38:52.9,75.33359322,,08:37.0,0.121454895,0.261943534,,26.33449413
38:53.9,75.3276657,,08:38.0,0.115527376,0.261943534,,26.55946917
38:54.9,75.32575614,,08:39.0,0.113617815,0.261943534,,26.33193393
38:55.9,75.3240654,,08:40.0,0.111927069,0.261943534,,23.45708684
38:56.9,75.32647224,,08:41.0,0.114333909,0.261943534,,29.2019548
38:57.9,75.32187739,,08:42.0,0.109739066,0.261943534,,26.27470694
38:58.9,75.33210141,,08:43.0,0.119963079,0.261943534,,26.56122187
38:59.9,75.33134554,,08:44.0,0.119207217,0.261943534,,26.53560514
39:00.9,75.33188259,,08:45.0,0.119744265,0.261943534,,26.73553592
39:01.9,75.31951034,,08:46.0,0.107372017,0.261943534,,26.65868745
39:02.9,75.31813788,,08:47.0,0.10599955,0.261943534,,29.42783544
39:03.9,75.32269293,,08:48.0,0.110554602,0.261943534,,26.4670668
39:04.9,75.32376705,,08:49.0,0.11162872,0.261943534,,26.56470809
39:05.9,75.32778503,,08:50.0,0.115646701,0.261943534,,26.22231957
39:06.9,75.32828231,,08:51.0,0.116143981,0.261943534,,29.25905479
39:07.9,75.32597496,,08:52.0,0.113836629,0.261943534,,25.92761
39:08.9,75.32820275,,08:53.0,0.116064423,0.261943534,,26.29600442
39:09.9,75.32519919,,08:54.0,0.113060861,0.261943534,,26.23231212
39:10.9,75.3251793,,08:55.0,0.113040977,0.261943534,,26.49009209
39:11.9,75.32812319,,08:56.0,0.115984865,0.261943534,,29.5103341
39:12.9,75.45240262,,08:57.0,0.240264298,0.261943534,,34.81916482
39:13.9,75.46692311,,08:58.0,0.254784781,0.261943534,,32.63014858
39:14.9,75.45061244,,08:59.0,0.238474109,0.261943534,,29.63840511
39:15.9,75.45624161,,09:00.0,0.244103279,0.261943534,,34.3256966
39:16.9,75.46602801,,09:01.0,0.253889686,0.261943534,,31.6553049
39:17.9,75.45359609,,09:02.0,0.241457764,0.261943534,,31.91418023
39:18.9,75.45274079,,09:03.0,0.240602461,0.261943534,,34.51576322
39:19.9,75.45371544,,09:04.0,0.241577113,0.261943534,,31.52561126
39:20.9,75.46193045,,09:05.0,0.249792123,0.261943534,,33.34578511
39:21.9,75.45944407,,09:06.0,0.247305748,0.261943534,,34.60856999
39:22.9,75.45534651,,09:07.0,0.243208185,0.261943534,,31.97497605
39:23.9,75.45039362,,09:08.0,0.238255295,0.261943534,,34.42692663
39:24.9,75.44973723,,09:09.0,0.237598899,0.261943534,,31.88908433
39:25.9,75.45083123,,09:10.0,0.2386929,0.261943534,,34.82768086
39:26.9,75.45970266,,09:11.0,0.24756433,0.261943534,,31.72214889
39:27.9,75.45256176,,09:12.0,0.240423437,0.261943534,,31.78492158
39:28.9,75.46300457,,09:13.0,0.250866241,0.261943534,,37.20988389
39:29.9,75.45665933,,09:14.0,0.244521,0.261943534,,30.57451103
39:30.9,75.45952363,,09:15.0,0.247385306,0.261943534,,34.12314163
39:31.9,75.55255419,,09:16.0,0.340415863,0.261943534,,35.37704934
39:32.9,75.82331153,,09:17.0,0.611173199,0.261943534,,55.47722853
39:33.9,75.49739624,,09:18.0,0.285257911,0.261943534,,53.43773678
39:34.9,75.48595888,,09:19.0,0.273820548,0.261943534,,42.77122285
39:35.9,75.4948303,,09:20.0,0.282691978,0.261943534,,41.24167566
39:36.9,75.47796266,,09:21.0,0.265824329,0.261943534,,39.38216958
39:37.9,75.34401616,,09:22.0,0.131877838,0.261943534,,42.24569456
39:38.9,75.40279428,,09:23.0,0.190655957,0.261943534,,38.86696542
39:39.9,75.57160984,,09:24.0,0.359471515,0.261943534,,56.55515396
39:40.9,75.58859684,,09:25.0,0.376458513,0.261943534,,60.19322124
39:41.9,75.58563307,,09:26.0,0.373494742,0.261943534,,55.56348664
39:42.9,75.58543416,,09:27.0,0.373295834,0.261943534,,60.3448144
39:43.9,75.4861379,,09:28.0,0.273999572,0.261943534,,62.66924825
39:44.9,75.48297522,,09:29.0,0.270836894,0.261943534,,42.00331414
39:45.9,75.48335315,,09:30.0,0.271214824,0.261943534,,40.80284195
39:46.9,75.48144361,,09:31.0,0.269305287,0.261943534,,41.81287431
39:47.9,75.48615778,,09:32.0,0.274019456,0.261943534,,39.2048229
39:48.9,75.49256272,,09:33.0,0.280424394,0.261943534,,42.38625257
39:49.9,75.49777417,,09:34.0,0.285635842,0.261943534,,41.77592482
39:50.9,75.50559136,,09:35.0,0.293453038,0.261943534,,39.93358885
39:51.9,75.49574528,,09:36.0,0.283606956,0.261943534,,40.45187272
39:52.9,75.49908698,,09:37.0,0.286948658,0.261943534,,41.822119
39:53.9,75.50006166,,09:38.0,0.287923333,0.261943534,,42.0120832
39:54.9,75.49208532,,09:39.0,0.279946998,0.261943534,,39.83031733
39:55.9,75.49126979,,09:40.0,0.279131462,0.261943534,,42.30817583
39:56.9,75.49202565,,09:41.0,0.279887323,0.261943534,,41.64375356
39:57.9,75.48945972,,09:42.0,0.27732139,0.261943534,,39.16006946
39:58.9,75.49359705,,09:43.0,0.281458721,0.261943534,,41.66499433
39:59.9,75.48321392,,09:44.0,0.271075592,0.261943534,,42.1017174
40:00.9,75.49496954,,09:45.0,0.282831211,0.261943534,,39.64893698
40:01.9,75.48180164,,09:46.0,0.269663311,0.261943534,,42.02428978
40:02.9,75.48241827,,09:47.0,0.270279939,0.261943534,,42.0230928
40:03.9,75.48317413,,09:48.0,0.271035801,0.261943534,,39.88664259
40:04.9,75.4809861,,09:49.0,0.268847775,0.261943534,,41.82505083
40:05.9,75.48476541,,09:50.0,0.272627082,0.261943534,,42.14280851
40:06.9,75.48725181,,09:51.0,0.27511348,0.261943534,,38.8565713
40:07.9,75.48591908,,09:52.0,0.273780758,0.261943534,,41.04857947
40:08.9,75.60162548,,09:53.0,0.389487157,0.261943534,,42.54441366
40:09.9,75.5966925,,09:54.0,0.384554174,0.261943534,,59.32627019
40:10.9,75.60021323,,09:55.0,0.388074899,0.261943534,,60.27303366
40:11.9,75.59470338,,09:56.0,0.382565055,0.261943534,,60.52483362
40:12.9,75.59899988,,09:57.0,0.386861549,0.261943534,,55.75094327
40:13.9,75.48381064,,09:58.0,0.271672313,0.261943534,,48.17463975
40:14.9,75.49029514,,09:59.0,0.27815681,0.261943534,,40.00752088
40:15.9,75.49063328,,10:00.0,0.27849495,0.261943534,,39.40359099
40:16.9,75.48263706,,10:01.0,0.27049873,0.261943534,,41.89682911
40:17.9,75.48438748,,10:02.0,0.272249151,0.261943534,,41.71431095
40:18.9,75.48259729,,10:03.0,0.270458963,0.261943534,,40.17235505
40:19.9,75.48162261,,10:04.0,0.269484287,0.261943534,,41.81668613
40:20.9,75.49224446,,10:05.0,0.280106138,0.261943534,,41.52435438
40:21.9,75.49518833,,10:06.0,0.283050002,0.261943534,,40.80011246
40:22.9,75.49419379,,10:07.0,0.282055466,0.261943534,,42.01316396
40:23.9,75.49737635,,10:08.0,0.285238028,0.261943534,,42.11542681
40:24.9,75.50292597,,10:09.0,0.290787639,0.261943534,,39.57248366
40:25.9,75.50161315,,10:10.0,0.289474824,0.261943534,,42.43088287
40:26.9,75.49236381,,10:11.0,0.280225487,0.261943534,,42.18533604
40:27.9,75.48643627,,10:12.0,0.274297944,0.261943534,,39.42316905
40:28.9,75.51139956,,10:13.0,0.299261231,0.261943534,,54.38779973
40:29.9,75.58979031,,10:14.0,0.377651979,0.261943534,,46.3784624
40:30.9,75.60936312,,10:15.0,0.397224794,0.261943534,,40.16525915
40:31.9,75.56432972,,10:16.0,0.35219139,0.261943534,,41.8234267
40:32.9,75.87347682,,10:17.0,0.661338493,0.261943534,,57.59950461
40:33.9,75.56560274,,10:18.0,0.353464414,0.261943534,,66.96632127
40:34.9,75.52486583,,10:19.0,0.312727504,0.261943534,,41.96846627
40:35.9,75.52281704,,10:20.0,0.31067871,0.261943534,,41.41177632
40:36.9,75.51603419,,10:21.0,0.303895865,0.261943534,,39.1985972
40:37.9,75.52731241,,10:22.0,0.315174088,0.261943534,,57.56044898
40:38.9,75.54171357,,10:23.0,0.329575245,0.261943534,,55.26418651
40:39.9,75.6149525,,10:24.0,0.402814173,0.261943534,,35.98146842
40:40.9,75.72272235,,10:25.0,0.510584028,0.261943534,,41.00806787
40:41.9,75.68530724,,10:26.0,0.473168912,0.261943534,,39.6367884
40:42.9,75.68007588,,10:27.0,0.467937556,0.261943534,,31.83667675
40:43.9,75.68216447,,10:28.0,0.47002614,0.261943534,,36.51723315
40:44.9,75.64073135,,10:29.0,0.428593019,0.261943534,,32.91664669
40:45.9,75.64355588,,10:30.0,0.431417558,0.261943534,,33.1629112
40:46.9,75.64148721,,10:31.0,0.429348881,0.261943534,,31.00663225
40:47.9,75.64745452,,10:32.0,0.43531619,0.261943534,,32.79121186
40:48.9,75.63070624,,10:33.0,0.418567914,0.261943534,,35.64526746
40:49.9,75.63273513,,10:34.0,0.4205968,0.261943534,,32.4320626
40:50.9,75.63430652,,10:35.0,0.422168197,0.261943534,,31.51783094
40:51.9,75.42724043,,10:36.0,0.215102104,0.261943534,,35.96049587
40:52.9,75.44237752,,10:37.0,0.230239192,0.261943534,,27.26961403
40:53.9,75.47487956,,10:38.0,0.262741232,0.261943534,,29.49396125
40:54.9,75.47219425,,10:39.0,0.260055927,0.261943534,,26.48340817
40:55.9,75.470782,,10:40.0,0.258643669,0.261943534,,26.48784109
40:56.9,75.46867353,,10:41.0,0.256535201,0.261943534,,26.5227549
40:57.9,75.46730104,,10:42.0,0.255162711,0.261943534,,29.11122701
40:58.9,75.47086155,,10:43.0,0.258723227,0.261943534,,26.31311779
40:59.9,75.47732614,,10:44.0,0.265187817,0.261943534,,24.52889345
41:00.9,75.4883856,,10:45.0,0.276247272,0.261943534,,27.0819208
41:01.9,75.48414878,,10:46.0,0.272010453,0.261943534,,26.06761863
41:02.9,75.49821177,,10:47.0,0.286073447,0.261943534,,29.39463859
41:03.9,75.48938014,,10:48.0,0.277241808,0.261943534,,26.23904351
41:04.9,75.47824114,,10:49.0,0.266102818,0.261943534,,26.58795384
41:05.9,75.48776897,,10:50.0,0.275630644,0.261943534,,26.56093978
41:06.9,75.48208013,,10:51.0,0.269941799,0.261943534,,28.91241319
41:07.9,75.49188642,,10:52.0,0.279748091,0.261943534,,26.22177648
41:08.9,75.4874706,,10:53.0,0.275332271,0.261943534,,26.41890692
41:09.9,75.48840548,,10:54.0,0.276267156,0.261943534,,26.45399508
41:10.9,75.48476541,,10:55.0,0.272627082,0.261943534,,25.59690946
41:11.9,75.48826625,,10:56.0,0.276127923,0.261943534,,26.6285112
41:12.9,75.49864938,,10:57.0,0.286511052,0.261943534,,29.59516748
41:13.9,75.49178695,,10:58.0,0.279648625,0.261943534,,26.70795706
41:14.9,75.37106801,,10:59.0,0.158929685,0.261943534,,26.51551514
41:15.9,75.36597591,,11:00.0,0.153837586,0.261943534,,26.33395095
41:16.9,75.36718926,,11:01.0,0.155050936,0.261943534,,28.83301666
41:17.9,75.37580209,,11:02.0,0.163663761,0.261943534,,26.38546799
41:18.9,75.37727404,,11:03.0,0.165135716,0.261943534,,25.76790988
41:19.9,75.37715469,,11:04.0,0.165016367,0.261943534,,25.9995467
41:20.9,75.37649827,,11:05.0,0.164359948,0.261943534,,26.15853855
41:21.9,75.37862663,,11:06.0,0.166488299,0.261943534,,25.96477942
41:22.9,75.37321625,,11:07.0,0.16107792,0.261943534,,31.05447015
41:23.9,75.37429036,,11:08.0,0.162152038,0.261943534,,27.2308714
41:24.9,75.38149095,,11:09.0,0.169352628,0.261943534,,26.7734624
41:25.9,75.23964769,,11:10.0,0.02750936,0.261943534,,34.13829498
41:26.9,75.25812648,,11:11.0,0.04598815,0.261943534,,32.35059734
41:27.9,75.290171,,11:12.0,0.078032678,0.261943534,,32.48230646
41:28.9,75.32619375,,11:13.0,0.11405542,0.261943534,,34.85523538
41:29.9,75.32593517,,11:14.0,0.113796839,0.261943534,,31.02372029
41:30.9,75.33202185,,11:15.0,0.119883521,0.261943534,,33.74499644
41:31.9,75.42777748,,11:16.0,0.215639151,0.261943534,,34.73415905
41:32.9,75.69209011,,11:17.0,0.47995178,0.261943534,,51.9168062
41:33.9,75.34540854,,11:18.0,0.133270212,0.261943534,,46.22895248
41:34.9,75.3483524,,11:19.0,0.136214076,0.261943534,,32.03439002
41:35.9,75.34801426,,11:20.0,0.135875936,0.261943534,,31.62681567
41:36.9,75.34676112,,11:21.0,0.134622795,0.261943534,,34.22848506
41:37.9,75.35012271,,11:22.0,0.13798438,0.261943534,,31.17334956
41:38.9,75.41896572,,11:23.0,0.206827396,0.261943534,,34.48714917
41:39.9,75.42634531,,11:24.0,0.214206986,0.261943534,,16.49125115
41:40.9,75.42153168,,11:25.0,0.209393352,0.261943534,,12.25863103
41:41.9,75.42811562,,11:26.0,0.215977291,0.261943534,,14.58099223
41:42.9,75.4290505,,11:27.0,0.216912176,0.261943534,,12.95222534
41:43.9,75.43275025,,11:28.0,0.220611924,0.261943534,,15.57973023
41:44.9,75.45415304,,11:29.0,0.242014718,0.261943534,,15.34362352
41:45.9,75.44639552,,11:30.0,0.234257197,0.261943534,,13.65344156
