Time,RAM,CPU,,Time,RAM,AVG: 0.68632015140725,MIN
20:40.8,45.67147189, ,,0:00:00,0.506232353,0.686320151,45.16523954
20:41.8,45.63766477,18.49745975,,0:00:01,0.472425227,0.686320151,
20:42.8,45.66145883,26.83561135,,0:00:02,0.496219285,0.686320151,
20:43.8,45.69628598,18.81585057,,0:00:03,0.531046442,0.686320151,
20:44.8,45.93901437,40.6421233,,0:00:04,0.773774833,0.686320151,
20:45.8,45.96391172,46.27543549,,0:00:05,0.798672182,0.686320151,
20:46.8,45.95929031,37.08796318,,0:00:06,0.794050773,0.686320151,
20:47.8,45.88451498,45.5103402,,0:00:07,0.719275442,0.686320151,
20:48.8,45.92404681,43.54457423,,0:00:08,0.758807268,0.686320151,
20:49.8,45.91594894,28.67015367,,0:00:09,0.750709395,0.686320151,
20:50.8,45.91898824,42.66094897,,0:00:10,0.753748696,0.686320151,
20:51.8,45.93320639,42.49268496,,0:00:11,0.767966849,0.686320151,
20:52.8,45.93002136,46.9071279,,0:00:12,0.764781819,0.686320151,
20:53.8,45.93012544,28.15615678,,0:00:13,0.764885894,0.686320151,
20:54.8,45.89504847,53.81305871,,0:00:14,0.729808933,0.686320151,
20:55.8,45.92402599,42.42160919,,0:00:15,0.758786453,0.686320151,
20:56.8,45.9418455,29.84325227,,0:00:16,0.77660596,0.686320151,
20:57.8,45.89879556,44.22644705,,0:00:17,0.733556017,0.686320151,
20:58.8,45.89827513,41.19004811,,0:00:18,0.733035593,0.686320151,
20:59.8,45.89269614,42.34117977,,0:00:19,0.727456599,0.686320151,
21:00.8,45.90370842,31.73961198,,0:00:20,0.738468883,0.686320151,
21:01.8,45.92333903,50.63236104,,0:00:21,0.758099486,0.686320151,
21:02.8,45.94482236,41.09599508,,0:00:22,0.779582816,0.686320151,
21:03.8,45.89765061,38.14160472,,0:00:23,0.732411072,0.686320151,
21:04.8,45.92827271,42.26055951,,0:00:24,0.763033168,0.686320151,
21:05.8,45.94032586,34.50984806,,0:00:25,0.775086321,0.686320151,
21:06.8,45.98539508,42.3791239,,0:00:26,0.820155535,0.686320151,
21:07.8,45.98768497,42.16259919,,0:00:27,0.822445424,0.686320151,
21:08.8,45.97883766,41.50618978,,0:00:28,0.813598116,0.686320151,
21:09.8,45.98160634,43.34891301,,0:00:29,0.816366798,0.686320151,
21:10.8,45.96934501,44.36551867,,0:00:30,0.804105471,0.686320151,
21:11.8,45.97327945,37.91758795,,0:00:31,0.808039913,0.686320151,
21:12.8,45.94011769,41.67162484,,0:00:32,0.774878147,0.686320151,
21:13.8,45.98531179,41.24236855,,0:00:33,0.820072252,0.686320151,
21:14.8,45.97867111,33.86644518,,0:00:34,0.813431572,0.686320151,
21:15.8,45.98395867,42.61498232,,0:00:35,0.818719133,0.686320151,
21:16.8,45.97815069,42.62986295,,0:00:36,0.812911149,0.686320151,
21:17.8,45.97088549,39.10014071,,0:00:37,0.805645948,0.686320151,
21:18.8,45.95223329,48.26452802,,0:00:38,0.786993746,0.686320151,
21:19.8,45.99434646,41.33180644,,0:00:39,0.829106919,0.686320151,
21:20.8,45.99120306,35.15199959,,0:00:40,0.825963519,0.686320151,
21:21.8,45.99089081,42.24773161,,0:00:41,0.82565127,0.686320151,
21:22.8,45.96863723,41.67555264,,0:00:42,0.803397689,0.686320151,
21:23.8,45.9520043,39.82359395,,0:00:43,0.786764757,0.686320151,
21:24.8,45.92252717,46.95831319,,0:00:44,0.757287629,0.686320151,
21:25.8,45.95210837,41.16728875,,0:00:45,0.786868832,0.686320151,
21:26.8,46.28859739,54.18274315,,0:00:46,1.123357844,0.686320151,
21:27.8,45.93387252,61.33099454,,0:00:47,0.768632977,0.686320151,
21:28.8,45.97188471,42.90531905,,0:00:48,0.806645164,0.686320151,
21:29.8,46.32342454,40.79662866,,0:00:49,1.158185001,0.686320151,
21:30.8,46.32804597,59.89265394,,0:00:50,1.162806433,0.686320151,
21:31.8,46.33198042,48.23717257,,0:00:51,1.166740875,0.686320151,
21:32.8,46.32852477,46.81505919,,0:00:52,1.163285226,0.686320151,
21:33.8,46.33118935,40.09270824,,0:00:53,1.16594981,0.686320151,
21:34.8,46.3039813,55.2373871,,0:00:54,1.138741756,0.686320151,
21:35.8,46.32409069,46.26267531,,0:00:55,1.158851153,0.686320151,
21:36.8,46.28528746,36.90582166,,0:00:56,1.120047923,0.686320151,
21:37.8,46.30554259,48.25308047,,0:00:57,1.140303049,0.686320151,
21:38.8,46.20868022,49.32318636,,0:00:58,1.043440681,0.686320151,
21:39.8,46.22883125,44.55673719,,0:00:59,1.063591708,0.686320151,
21:40.8,46.24059297,52.86437201,,0:01:00,1.075353427,0.686320151,
21:41.8,46.25857902,47.15014707,,0:01:01,1.093339478,0.686320151,
21:42.8,46.17000188,46.09263338,,0:01:02,1.004762342,0.686320151,
21:43.8,46.18263791,47.84830502,,0:01:03,1.017398364,0.686320151,
21:44.8,46.20143584,39.0167265,,0:01:04,1.036196295,0.686320151,
21:45.8,46.17021006,45.16192378,,0:01:05,1.004970516,0.686320151,
21:46.8,46.19827162,46.8892403,,0:01:06,1.03303208,0.686320151,
21:47.8,46.1948576,47.52537571,,0:01:07,1.029618061,0.686320151,
21:48.8,46.17503964,39.62962933,,0:01:08,1.009800099,0.686320151,
21:49.8,46.19412901,58.73294033,,0:01:09,1.028889464,0.686320151,
21:50.8,46.2153209,51.76549207,,0:01:10,1.05008136,0.686320151,
21:51.8,46.23811572,40.73497275,,0:01:11,1.072876179,0.686320151,
21:52.8,46.20143584,55.39160732,,0:01:12,1.036196295,0.686320151,
21:53.8,46.22581276,47.28181509,,0:01:13,1.060573221,0.686320151,
21:54.8,45.83436638,53.43186937,,0:01:14,0.669126841,0.686320151,
21:55.8,45.82445739,44.18035231,,0:01:15,0.659217849,0.686320151,
21:56.8,45.8488135,50.21494597,,0:01:16,0.68357396,0.686320151,
21:57.8,45.86228222,40.91962644,,0:01:17,0.697042677,0.686320151,
21:58.8,45.88197529,32.05069596,,0:01:18,0.716735749,0.686320151,
21:59.8,45.83905024,40.94547584,,0:01:19,0.673810695,0.686320151,
22:00.8,45.88505622,42.81288249,,0:01:20,0.71981668,0.686320151,
22:01.8,45.84306796,27.17769663,,0:01:21,0.677828421,0.686320151,
22:02.8,45.83852981,43.18125733,,0:01:22,0.673290272,0.686320151,
22:03.8,45.83771793,40.70550354,,0:01:23,0.672478392,0.686320151,
22:04.8,45.83095236,42.11784559,,0:01:24,0.665712822,0.686320151,
22:05.8,45.87523051,30.09029131,,0:01:25,0.709990971,0.686320151,
22:06.8,45.86806941,51.02427609,,0:01:26,0.702829869,0.686320151,
22:07.8,45.91594894,41.79995088,,0:01:27,0.750709395,0.686320151,
22:08.8,45.86440559,29.42799832,,0:01:28,0.699166046,0.686320151,
22:09.8,45.88503541,43.71957231,,0:01:29,0.719795865,0.686320151,
22:10.8,45.89586035,39.0951616,,0:01:30,0.730620814,0.686320151,
22:11.8,45.88361984,32.51538325,,0:01:31,0.718380301,0.686320151,
22:12.8,45.88828288,43.11175148,,0:01:32,0.72304334,0.686320151,
22:13.8,45.88420271,41.46116109,,0:01:33,0.71896317,0.686320151,
22:14.8,45.88095524,36.88317991,,0:01:34,0.715715694,0.686320151,
22:15.8,45.89159283,41.80655142,,0:01:35,0.726353284,0.686320151,
22:16.8,45.88357821,44.16522064,,0:01:36,0.718338671,0.686320151,
22:17.8,45.88940701,37.46042317,,0:01:37,0.72416747,0.686320151,
22:18.8,45.82037722,34.92924796,,0:01:38,0.655137678,0.686320151,
22:19.8,45.83740568,42.38207248,,0:01:39,0.672166143,0.686320151,
22:20.8,45.84325532,32.64429959,,0:01:40,0.67801578,0.686320151,
22:21.8,45.8862428,38.62170287,,0:01:41,0.721003255,0.686320151,
22:22.8,45.91932133,40.76791185,,0:01:42,0.754081784,0.686320151,
22:23.8,45.91763512,30.98910607,,0:01:43,0.752395578,0.686320151,
22:24.8,45.84537867,42.68531777,,0:01:44,0.680139125,0.686320151,
22:25.8,46.03152595,46.92603202,,0:01:45,0.86628641,0.686320151,
22:26.8,46.31309922,48.11472129,,0:01:46,1.147859684,0.686320151,
22:27.8,45.89892047,53.43819905,,0:01:47,0.73368093,0.686320151,
22:28.8,45.90741388,42.39388324,,0:01:48,0.742174336,0.686320151,
22:29.8,45.90443702,40.71053481,,0:01:49,0.73919748,0.686320151,
22:30.8,45.90693508,29.29209989,,0:01:50,0.741695543,0.686320151,
22:31.8,45.86475947,52.33690876,,0:01:51,0.699519925,0.686320151,
22:32.8,45.91134834,42.30139605,,0:01:52,0.746108801,0.686320151,
22:33.8,45.86584197,35.55513436,,0:01:53,0.700602424,0.686320151,
22:34.8,45.87956049,43.34308451,,0:01:54,0.714320946,0.686320151,
22:35.8,45.8890115,34.66328928,,0:01:55,0.723771961,0.686320151,
22:36.8,45.91070301,42.7242217,,0:01:56,0.745463465,0.686320151,
22:37.8,45.90083564,40.83322478,,0:01:57,0.735596102,0.686320151,
22:38.8,45.89311249,41.3393147,,0:01:58,0.727872946,0.686320151,
22:39.8,45.90089811,41.08328435,,0:01:59,0.73565857,0.686320151,
22:40.8,45.86542562,46.86303603,,0:02:00,0.700186077,0.686320151,
22:41.8,45.89171772,41.53642412,,0:02:01,0.726478174,0.686320151,
22:42.8,45.88439007,41.4335484,,0:02:02,0.719150528,0.686320151,
22:43.8,45.92848088,56.01056335,,0:02:03,0.763241342,0.686320151,
22:44.8,45.80120459,42.79163381,,0:02:04,0.635965052,0.686320151,
22:45.8,45.76856325,49.73391557,,0:02:05,0.603323709,0.686320151,
22:46.8,45.81042662,44.30330067,,0:02:06,0.645187078,0.686320151,
22:47.8,45.80266179,41.78135887,,0:02:07,0.637422246,0.686320151,
22:48.8,45.80332794,46.01383179,,0:02:08,0.638088398,0.686320151,
22:49.8,45.79843591,42.21426131,,0:02:09,0.63319637,0.686320151,
22:50.8,45.78725708,35.64775379,,0:02:10,0.622017542,0.686320151,
22:51.8,45.76868814,52.76883068,,0:02:11,0.6034486,0.686320151,
22:52.8,45.79618765,42.65965091,,0:02:12,0.630948111,0.686320151,
22:53.8,45.76277606,35.84681395,,0:02:13,0.597536517,0.686320151,
22:54.8,45.7848631,43.00055183,,0:02:14,0.619623554,0.686320151,
22:55.8,45.79192012,42.7092029,,0:02:15,0.626680581,0.686320151,
22:56.8,45.81585989,40.36829301,,0:02:16,0.650620344,0.686320151,
22:57.8,45.82468638,47.62690903,,0:02:17,0.659446838,0.686320151,
22:58.8,45.82343736,43.59386305,,0:02:18,0.658197818,0.686320151,
22:59.8,45.82281284,37.18540446,,0:02:19,0.657573296,0.686320151,
23:00.8,45.80309895,52.30680477,,0:02:20,0.637859409,0.686320151,
23:01.8,45.83750976,40.78891721,,0:02:21,0.672270218,0.686320151,
23:02.8,46.18136807,43.84119921,,0:02:22,1.016128529,0.686320151,
23:03.8,46.18551069,60.49575138,,0:02:23,1.020271145,0.686320151,
23:04.8,46.1906317,48.34808143,,0:02:24,1.025392162,0.686320151,
23:05.8,46.17133419,45.24526218,,0:02:25,1.006094646,0.686320151,
23:06.8,46.22833164,38.22355577,,0:02:26,1.0630921,0.686320151,
23:07.8,45.80091316,54.03200079,,0:02:27,0.635673618,0.686320151,
23:08.8,45.83351287,47.23377871,,0:02:28,0.668273331,0.686320151,
23:09.8,45.82437413,35.72950499,,0:02:29,0.659134588,0.686320151,
23:10.8,45.87425211,49.60981318,,0:02:30,0.70901257,0.686320151,
23:11.8,45.89942008,43.33079216,,0:02:31,0.734180538,0.686320151,
23:12.8,45.94881927,35.41293968,,0:02:32,0.783579727,0.686320151,
23:13.8,46.12318402,47.74301085,,0:02:33,0.957944477,0.686320151,
23:14.8,46.17050149,48.20922208,,0:02:34,1.00526195,0.686320151,
23:15.8,46.20035334,43.16743188,,0:02:35,1.035113796,0.686320151,
23:16.8,46.22225301,43.04760576,,0:02:36,1.057013474,0.686320151,
23:17.8,46.21234405,50.96191196,,0:02:37,1.047104504,0.686320151,
23:18.8,46.21808958,39.71602062,,0:02:38,1.052850043,0.686320151,
23:19.8,46.20193544,43.94240427,,0:02:39,1.036695903,0.686320151,
23:20.8,46.20399634,45.35605766,,0:02:40,1.038756804,0.686320151,
23:21.8,46.19885451,47.83866424,,0:02:41,1.033614972,0.686320151,
23:22.8,46.17531026,39.42604091,,0:02:42,1.010070718,0.686320151,
23:23.8,46.19696013,56.03289419,,0:02:43,1.031720592,0.686320151,
23:24.8,46.22142034,43.78605309,,0:02:44,1.056180801,0.686320151,
23:25.8,46.22522987,40.16013494,,0:02:45,1.05999033,0.686320151,
23:26.8,46.08868995,64.43498503,,0:02:46,0.923450408,0.686320151,
23:27.8,45.83746813,68.24257296,,0:02:47,0.672228588,0.686320151,
23:28.8,45.30533921,39.94304433,,0:02:48,0.14009967,0.686320151,
23:29.8,45.38080151,50.25151949,,0:02:49,0.215561967,0.686320151,
23:30.8,45.41681524,41.22355012,,0:02:50,0.251575699,0.686320151,
23:31.8,45.42643278,28.79883926,,0:02:51,0.261193235,0.686320151,
23:32.8,45.6533193,42.74659944,,0:02:52,0.488079758,0.686320151,
23:33.8,45.74376998,41.01911713,,0:02:53,0.578530436,0.686320151,
23:34.8,45.8255607,41.47499896,,0:02:54,0.660321163,0.686320151,
23:35.8,45.80794937,31.22486947,,0:02:55,0.64270983,0.686320151,
23:36.8,45.76866733,51.61926274,,0:02:56,0.603427785,0.686320151,
23:37.8,45.80255771,40.8456304,,0:02:57,0.637318171,0.686320151,
23:38.8,45.78548762,30.4040181,,0:02:58,0.620248076,0.686320151,
23:39.8,45.81533946,43.26198742,,0:02:59,0.650099921,0.686320151,
23:40.8,45.82814203,39.10246097,,0:03:00,0.662902487,0.686320151,
23:41.8,45.83413739,30.02399897,,0:03:01,0.668897852,0.686320151,
23:42.8,45.83176422,43.83507557,,0:03:02,0.66652468,0.686320151,
23:43.8,45.83434557,40.88478516,,0:03:03,0.669106026,0.686320151,
23:44.8,45.82612276,37.50036299,,0:03:04,0.660883216,0.686320151,
23:45.8,45.7958754,43.4477713,,0:03:05,0.630635861,0.686320151,
23:46.8,45.82245893,42.97472425,,0:03:06,0.657219393,0.686320151,
23:47.8,45.84285979,35.8538097,,0:03:07,0.677620247,0.686320151,
23:48.8,45.79477209,37.07556194,,0:03:08,0.629532547,0.686320151,
23:49.8,45.79508434,40.65683772,,0:03:09,0.629844796,0.686320151,
23:50.8,45.73113396,47.16445887,,0:03:10,0.565894414,0.686320151,
23:51.8,45.71606229,40.8212518,,0:03:11,0.550822751,0.686320151,
23:52.8,45.72980165,53.12462905,,0:03:12,0.56456211,0.686320151,
23:53.8,45.7485163,45.77121701,,0:03:13,0.583276758,0.686320151,
23:54.8,45.75184703,38.12387648,,0:03:14,0.586607494,0.686320151,
23:55.8,45.71231521,41.21055225,,0:03:15,0.547075668,0.686320151,
23:56.8,45.76306752,40.57558473,,0:03:16,0.597827975,0.686320151,
23:57.8,45.74420714,29.54750126,,0:03:17,0.578967598,0.686320151,
23:58.8,45.75107681,41.40764185,,0:03:18,0.585837267,0.686320151,
23:59.8,45.74339526,41.73640142,,0:03:19,0.578155718,0.686320151,
24:00.8,45.75026495,40.66389168,,0:03:20,0.585025409,0.686320151,
24:01.8,45.7550529,42.45911981,,0:03:21,0.589813362,0.686320151,
24:02.8,45.73448551,51.04780258,,0:03:22,0.569245964,0.686320151,
24:03.8,45.75501125,40.06954219,,0:03:23,0.589771709,0.686320151,
24:04.8,45.76077763,41.53836293,,0:03:24,0.595538085,0.686320151,
24:05.8,45.75571903,44.54856742,,0:03:25,0.59047949,0.686320151,
24:06.8,45.77441289,41.29538158,,0:03:26,0.609173346,0.686320151,
24:07.8,45.77701503,36.22113704,,0:03:27,0.611775485,0.686320151,
24:08.8,45.71035838,50.54952723,,0:03:28,0.545118842,0.686320151,
24:09.8,45.73313239,40.82245621,,0:03:29,0.567892846,0.686320151,
24:10.8,45.68972856,37.81676038,,0:03:30,0.524489023,0.686320151,
24:11.8,45.72305687,40.79432012,,0:03:31,0.557817333,0.686320151,
24:12.8,45.72959348,33.6539614,,0:03:32,0.564353936,0.686320151,
24:13.8,45.73269522,42.23141794,,0:03:33,0.567455683,0.686320151,
24:14.8,45.73329893,42.4632852,,0:03:34,0.56805939,0.686320151,
24:15.8,45.72794892,40.54544012,,0:03:35,0.562709384,0.686320151,
24:16.8,45.72301524,43.07227252,,0:03:36,0.557775702,0.686320151,
24:17.8,45.71233602,44.12210828,,0:03:37,0.547096483,0.686320151,
24:18.8,45.72276544,38.15282148,,0:03:38,0.557525898,0.686320151,
24:19.8,45.19592406,40.94012493,,0:03:39,0.030684518,0.686320151,
24:20.8,45.23939035,41.88562528,,0:03:40,0.074150809,0.686320151,
24:21.8,45.28891443,33.00396887,,0:03:41,0.123674888,0.686320151,
24:22.8,45.51909008,43.78762748,,0:03:42,0.353850541,0.686320151,
24:23.8,45.59777904,40.43843668,,0:03:43,0.432539499,0.686320151,
24:24.8,45.67557288,39.47331257,,0:03:44,0.510333339,0.686320151,
24:25.8,45.79285689,52.76461096,,0:03:45,0.627617352,0.686320151,
24:26.8,46.13007452,62.25829988,,0:03:46,0.964834984,0.686320151,
24:27.8,45.73286177,45.74457279,,0:03:47,0.567622227,0.686320151,
24:28.8,45.69382955,44.31755077,,0:03:48,0.528590009,0.686320151,
24:29.8,45.71710316,41.87386462,,0:03:49,0.55186362,0.686320151,
24:30.8,45.73442306,33.30315011,,0:03:50,0.569183519,0.686320151,
24:31.8,45.75690563,43.04390529,,0:03:51,0.591666089,0.686320151,
24:32.8,45.76396266,35.93130776,,0:03:52,0.598723116,0.686320151,
24:33.8,45.69137312,37.82222169,,0:03:53,0.526133576,0.686320151,
24:34.8,45.71839383,41.59857194,,0:03:54,0.553154294,0.686320151,
24:35.8,45.72209929,31.97910603,,0:03:55,0.556859747,0.686320151,
24:36.8,46.11902059,52.2365614,,0:03:56,0.953781046,0.686320151,
24:37.8,46.13392571,45.07157314,,0:03:57,0.968686166,0.686320151,
24:38.8,46.12867975,43.55440702,,0:03:58,0.963440212,0.686320151,
24:39.8,46.13338445,43.16743571,,0:03:59,0.968144904,0.686320151,
24:40.8,46.13721481,36.67649829,,0:04:00,0.971975271,0.686320151,
24:41.8,46.08540084,54.22575516,,0:04:01,0.920161302,0.686320151,
24:42.8,46.12320483,43.88825946,,0:04:02,0.957965292,0.686320151,
24:43.8,46.1310113,33.73627838,,0:04:03,0.965771754,0.686320151,
24:44.8,46.09314484,39.56353222,,0:04:04,0.927905296,0.686320151,
24:45.8,46.09855729,47.8130542,,0:04:05,0.933317747,0.686320151,
24:46.8,46.09732908,44.03361408,,0:04:06,0.932089542,0.686320151,
24:47.8,46.09491428,41.7894312,,0:04:07,0.929674739,0.686320151,
24:48.8,46.24792061,68.5648465,,0:04:08,1.082681073,0.686320151,
24:49.8,46.22978883,63.29599693,,0:04:09,1.064549294,0.686320151,
24:50.8,46.27646097,57.56002167,,0:04:10,1.11122143,0.686320151,
24:51.8,46.30065054,52.37270759,,0:04:11,1.135410997,0.686320151,
24:52.8,46.29267756,62.65914482,,0:04:12,1.127438015,0.686320151,
24:53.8,45.90081483,57.41874711,,0:04:13,0.735575287,0.686320151,
24:54.8,45.91357576,41.58039223,,0:04:14,0.748336222,0.686320151,
24:55.8,45.92077852,39.19564957,,0:04:15,0.755538978,0.686320151,
24:56.8,45.90166834,40.31479854,,0:04:16,0.736428797,0.686320151,
24:57.8,45.83378349,46.56512758,,0:04:17,0.66854395,0.686320151,
24:58.8,45.79664563,53.83006018,,0:04:18,0.631406089,0.686320151,
24:59.8,45.80051763,38.57394191,,0:04:19,0.635278085,0.686320151,
25:00.8,45.84202709,44.38420345,,0:04:20,0.676787552,0.686320151,
25:01.8,45.79724934,44.17621036,,0:04:21,0.632009795,0.686320151,
25:02.8,45.81165482,39.22751053,,0:04:22,0.646415283,0.686320151,
25:03.8,45.82260466,37.76924056,,0:04:23,0.657365122,0.686320151,
25:04.8,45.81910738,41.59825149,,0:04:24,0.653867843,0.686320151,
25:05.8,45.81373654,38.18201638,,0:04:25,0.648496999,0.686320151,
25:06.8,45.8623655,36.74182586,,0:04:26,0.69712596,0.686320151,
25:07.8,45.8405699,49.5589214,,0:04:27,0.675330358,0.686320151,
25:08.8,45.80355693,43.61388696,,0:04:28,0.638317387,0.686320151,
25:09.8,45.8260395,41.58807063,,0:04:29,0.660799956,0.686320151,
25:10.8,45.82229241,44.06254216,,0:04:30,0.657052873,0.686320151,
25:11.8,45.84904249,42.82102298,,0:04:31,0.683802948,0.686320151,
25:12.8,45.86144955,38.17937182,,0:04:32,0.696210005,0.686320151,
25:13.8,45.84950047,39.36007538,,0:04:33,0.684260926,0.686320151,
25:14.8,45.88632608,36.73902611,,0:04:34,0.721086539,0.686320151,
25:15.8,45.83070256,44.69062511,,0:04:35,0.665463018,0.686320151,
25:16.8,45.85276876,37.3039354,,0:04:36,0.687529217,0.686320151,
25:17.8,45.84581583,37.82538079,,0:04:37,0.680576288,0.686320151,
25:18.8,45.86790287,38.53498938,,0:04:38,0.702663325,0.686320151,
25:19.8,45.86944334,40.75595694,,0:04:39,0.704203802,0.686320151,
25:20.8,45.88078869,37.17041449,,0:04:40,0.715549151,0.686320151,
25:21.8,45.80257853,37.77687433,,0:04:41,0.637338986,0.686320151,
25:22.8,45.77218544,50.66449184,,0:04:42,0.606945902,0.686320151,
25:23.8,45.80391083,39.3463682,,0:04:43,0.638671289,0.686320151,
25:24.8,45.80849061,39.54756656,,0:04:44,0.643251068,0.686320151,
25:25.8,45.78998414,39.24980881,,0:04:45,0.624744594,0.686320151,
25:26.8,46.14106599,61.04376069,,0:04:46,0.975826453,0.686320151,
25:27.8,45.82884981,57.63223958,,0:04:47,0.663610269,0.686320151,
25:28.8,45.98537424,51.19325185,,0:04:48,0.820134697,0.686320151,
25:29.8,45.82474882,53.02397175,,0:04:49,0.659509283,0.686320151,
25:30.8,45.83736405,43.59288524,,0:04:50,0.672124513,0.686320151,
25:31.8,45.78496719,46.62239602,,0:04:51,0.619727653,0.686320151,
25:32.8,45.80757465,36.8786238,,0:04:52,0.642335112,0.686320151,
25:33.8,45.78373897,38.46746255,,0:04:53,0.618499424,0.686320151,
25:34.8,45.80468106,44.04426567,,0:04:54,0.639441516,0.686320151,
25:35.8,45.81577663,36.52238525,,0:04:55,0.650537084,0.686320151,
25:36.8,45.81646359,37.92213057,,0:04:56,0.651224051,0.686320151,
25:37.8,45.84246426,38.54664045,,0:04:57,0.677224714,0.686320151,
25:38.8,45.86552969,40.88761353,,0:04:58,0.700290152,0.686320151,
25:39.8,45.78103275,40.28438399,,0:04:59,0.615793211,0.686320151,
25:40.8,45.82645584,37.09414162,,0:05:00,0.661216304,0.686320151,
25:41.8,45.82708037,41.54077573,,0:05:01,0.661840825,0.686320151,
25:42.8,45.82418677,38.05486121,,0:05:02,0.65894723,0.686320151,
25:43.8,45.81975272,37.35849758,,0:05:03,0.654513179,0.686320151,
25:44.8,45.83061928,37.10841079,,0:05:04,0.665379735,0.686320151,
25:45.8,45.78394714,54.30352398,,0:05:05,0.618707598,0.686320151,
25:46.8,45.80282833,36.2793561,,0:05:06,0.63758879,0.686320151,
25:47.8,45.83359613,36.86717701,,0:05:07,0.668356591,0.686320151,
25:48.8,45.78467576,39.88565983,,0:05:08,0.619436219,0.686320151,
25:49.8,45.77199808,41.99571333,,0:05:09,0.606758543,0.686320151,
25:50.8,45.75698889,36.66489701,,0:05:10,0.591749349,0.686320151,
25:51.8,45.75961187,37.29085174,,0:05:11,0.594372326,0.686320151,
25:52.8,45.78226096,51.83779107,,0:05:12,0.617021416,0.686320151,
25:53.8,45.80667951,40.82546883,,0:05:13,0.641439972,0.686320151,
25:54.8,45.77081151,39.66848712,,0:05:14,0.605571969,0.686320151,
25:55.8,45.79570886,38.27076269,,0:05:15,0.630469318,0.686320151,
25:56.8,45.81475659,40.87419657,,0:05:16,0.649517053,0.686320151,
25:57.8,45.80695013,38.99726012,,0:05:17,0.641710591,0.686320151,
25:58.8,45.80946901,37.52472907,,0:05:18,0.644229469,0.686320151,
25:59.8,45.81063477,36.80363424,,0:05:19,0.645395229,0.686320151,
26:00.8,45.82123073,44.7316978,,0:05:20,0.655991188,0.686320151,
26:01.8,45.80545131,46.08995052,,0:05:21,0.640211767,0.686320151,
26:02.8,45.79641664,37.69867029,,0:05:22,0.6311771,0.686320151,
26:03.8,45.72617946,44.88690887,,0:05:23,0.560939917,0.686320151,
26:04.8,45.72345241,49.58800451,,0:05:24,0.558212865,0.686320151,
26:05.8,45.72803219,47.89148449,,0:05:25,0.562792644,0.686320151,
26:06.8,45.75698889,38.97022584,,0:05:26,0.591749349,0.686320151,
26:07.8,46.08506776,51.06833192,,0:05:27,0.919828215,0.686320151,
26:08.8,46.0882736,60.75264595,,0:05:28,0.92303406,0.686320151,
26:09.8,46.12029045,52.74580905,,0:05:29,0.955050905,0.686320151,
26:10.8,46.12141458,55.97951855,,0:05:30,0.956175034,0.686320151,
26:11.8,46.13353017,57.3581751,,0:05:31,0.968290633,0.686320151,
26:12.8,46.13251012,54.01997868,,0:05:32,0.967270578,0.686320151,
26:13.8,46.13086557,53.24267883,,0:05:33,0.965626026,0.686320151,
26:14.8,46.11829199,61.37140131,,0:05:34,0.953052449,0.686320151,
26:15.8,45.63791457,71.82843329,,0:05:35,0.472675031,0.686320151,
26:16.8,45.72420182,52.74002695,,0:05:36,0.558962277,0.686320151,
26:17.8,45.39145991,62.64408926,,0:05:37,0.226220372,0.686320151,
26:18.8,45.16523954,48.56070171,,0:05:38,0,0.686320151,
26:19.8,45.17523179,41.63485177,,0:05:39,0.009992253,0.686320151,
26:20.8,45.34210235,38.00927431,,0:05:40,0.176862814,0.686320151,
26:21.8,45.51661283,36.76268934,,0:05:41,0.351373293,0.686320151,
26:22.8,45.56099508,37.72799886,,0:05:42,0.39575554,0.686320151,
26:23.8,45.63060774,42.21220331,,0:05:43,0.4653682,0.686320151,
26:24.8,45.61905422,46.9066045,,0:05:44,0.453814678,0.686320151,
26:25.8,45.75738442,42.7587269,,0:05:45,0.592144882,0.686320151,
26:26.8,46.06333462,60.42218184,,0:05:46,0.898095081,0.686320151,
26:27.8,45.187847,54.0685039,,0:05:47,0.02260746,0.686320151,
26:28.8,45.21784457,36.65469875,,0:05:48,0.052605034,0.686320151,
26:29.8,45.22771191,36.79192834,,0:05:49,0.062472373,0.686320151,
26:30.8,45.29353586,42.26522194,,0:05:50,0.12829632,0.686320151,
26:31.8,45.32549024,36.75892877,,0:05:51,0.160250696,0.686320151,
26:32.8,45.2459894,40.87231693,,0:05:52,0.080749858,0.686320151,
26:33.8,45.26657759,36.34405193,,0:05:53,0.101338048,0.686320151,
26:34.8,45.25287988,42.20214174,,0:05:54,0.087640341,0.686320151,
26:35.8,45.46048971,39.19731488,,0:05:55,0.295250164,0.686320151,
26:36.8,45.53994889,36.69534136,,0:05:56,0.374709349,0.686320151,
26:37.8,45.56322253,36.8503184,,0:05:57,0.397982984,0.686320151,
26:38.8,45.68331687,47.89434237,,0:05:58,0.518077333,0.686320151,
26:39.8,45.65402708,42.16721692,,0:05:59,0.48878754,0.686320151,
26:40.8,45.6750108,36.72073499,,0:06:00,0.509771262,0.686320151,
26:41.8,45.64628309,42.33038755,,0:06:01,0.481043547,0.686320151,
26:42.8,45.64732396,39.07461604,,0:06:02,0.482084416,0.686320151,
26:43.8,45.64201556,36.67192913,,0:06:03,0.476776017,0.686320151,
26:44.8,45.64332705,37.308708,,0:06:04,0.478087505,0.686320151,
26:45.8,45.65456832,51.80952199,,0:06:05,0.489328778,0.686320151,
26:46.8,45.68833382,37.58185142,,0:06:06,0.523094274,0.686320151,
26:47.8,45.70715254,36.86734096,,0:06:07,0.541912997,0.686320151,
26:48.8,45.66410259,39.88490312,,0:06:08,0.498863054,0.686320151,
26:49.8,45.70434223,41.54430962,,0:06:09,0.539102685,0.686320151,
26:50.8,45.65783663,36.70007847,,0:06:10,0.492597092,0.686320151,
26:51.8,45.67265847,38.52523516,,0:06:11,0.507418928,0.686320151,
26:52.8,45.66809951,38.73228239,,0:06:12,0.502859964,0.686320151,
26:53.8,45.6647063,40.32221639,,0:06:13,0.49946676,0.686320151,
26:54.8,45.68924977,55.12734148,,0:06:14,0.52401023,0.686320151,
26:55.8,45.69170618,38.25197487,,0:06:15,0.52646664,0.686320151,
26:56.8,45.72082943,38.04991212,,0:06:16,0.555589888,0.686320151,
26:57.8,45.67496917,42.4137027,,0:06:17,0.509729632,0.686320151,
26:58.8,45.66880729,36.49185919,,0:06:18,0.503567746,0.686320151,
26:59.8,45.67401159,38.58178061,,0:06:19,0.508772046,0.686320151,
27:00.8,45.67170088,40.48516052,,0:06:20,0.506461342,0.686320151,
27:01.8,45.67738398,47.94537137,,0:06:21,0.512144435,0.686320151,
27:02.8,45.70400914,36.51952269,,0:06:22,0.538769597,0.686320151,
27:03.8,45.71204459,38.13597687,,0:06:23,0.546805048,0.686320151,
27:04.8,45.68144331,43.40791468,,0:06:24,0.516203768,0.686320151,
27:05.8,45.72014246,36.38861423,,0:06:25,0.554902922,0.686320151,
27:06.8,45.77047842,38.24446029,,0:06:26,0.605238881,0.686320151,
27:07.8,45.77834733,37.4758233,,0:06:27,0.613107789,0.686320151,
27:08.8,45.76521168,39.87727667,,0:06:28,0.599972136,0.686320151,
27:09.8,45.6415784,44.87981455,,0:06:29,0.476338854,0.686320151,
27:10.8,45.60138042,53.37422803,,0:06:30,0.436140876,0.686320151,
27:11.8,45.62394625,44.01745915,,0:06:31,0.458706706,0.686320151,
27:12.8,45.64411811,43.73049469,,0:06:32,0.478878571,0.686320151,
27:13.8,45.60248373,44.67516182,,0:06:33,0.437244191,0.686320151,
27:14.8,45.61684759,36.21949676,,0:06:34,0.451608049,0.686320151,
27:15.8,45.64353522,40.74717869,,0:06:35,0.478295679,0.686320151,
27:16.8,45.665539,39.33798674,,0:06:36,0.500299456,0.686320151,
27:17.8,45.65629616,36.08534344,,0:06:37,0.491056615,0.686320151,
27:18.8,45.65317357,37.19591362,,0:06:38,0.48793403,0.686320151,
27:19.8,45.66287439,50.55882735,,0:06:39,0.497634849,0.686320151,
27:20.8,45.63547898,44.07677897,,0:06:40,0.470239436,0.686320151,
27:21.8,45.65442261,39.78644501,,0:06:41,0.489183073,0.686320151,
27:22.8,45.63751906,45.17146323,,0:06:42,0.472279522,0.686320151,
27:23.8,45.6488436,44.26384468,,0:06:43,0.483604055,0.686320151,
27:24.8,45.67546878,37.24408391,,0:06:44,0.51022924,0.686320151,
27:25.8,45.67163841,38.69739592,,0:06:45,0.506398874,0.686320151,
27:26.8,46.05396689,56.84841465,,0:06:46,0.888727349,0.686320151,
27:27.8,45.64988447,61.23779123,,0:06:47,0.484644924,0.686320151,
27:28.8,45.66437324,39.12627876,,0:06:48,0.499133696,0.686320151,
27:29.8,45.67886199,37.13958,,0:06:49,0.513622444,0.686320151,
27:30.8,45.68260909,41.7832595,,0:06:50,0.517369551,0.686320151,
27:31.8,45.67165923,38.23197549,,0:06:51,0.506419689,0.686320151,
27:32.8,45.68262991,36.7636427,,0:06:52,0.517390366,0.686320151,
27:33.8,45.68215111,41.37067604,,0:06:53,0.516911573,0.686320151,
27:34.8,45.6431605,50.43255615,,0:06:54,0.477920962,0.686320151,
27:35.8,45.66537245,37.53247743,,0:06:55,0.500132912,0.686320151,
27:36.8,46.02494772,47.34122719,,0:06:56,0.859708176,0.686320151,
27:37.8,46.03974874,53.76249621,,0:06:57,0.874509197,0.686320151,
27:38.8,46.06298072,60.18520828,,0:06:58,0.897741178,0.686320151,
27:39.8,46.06989202,54.58656656,,0:06:59,0.904652477,0.686320151,
27:40.8,46.09712091,55.81162565,,0:07:00,0.931881368,0.686320151,
27:41.8,46.03795846,56.83430746,,0:07:01,0.872718916,0.686320151,
27:42.8,46.03310806,60.17489062,,0:07:02,0.867868518,0.686320151,
27:43.8,46.03244191,52.71822223,,0:07:03,0.867202366,0.686320151,
27:44.8,46.03235865,53.53863003,,0:07:04,0.867119106,0.686320151,
27:45.8,45.66379035,56.82419904,,0:07:05,0.498550804,0.686320151,
27:46.8,45.68229682,51.98229541,,0:07:06,0.517057278,0.686320151,
27:47.8,45.69430834,38.78111947,,0:07:07,0.529068802,0.686320151,
27:48.8,45.71096209,38.38145231,,0:07:08,0.545722549,0.686320151,
27:49.8,45.67725906,44.88779692,,0:07:09,0.512019522,0.686320151,
27:50.8,45.7024895,37.34180026,,0:07:10,0.537249958,0.686320151,
27:51.8,45.72032982,36.56345639,,0:07:11,0.55509028,0.686320151,
27:52.8,45.71092046,41.21369156,,0:07:12,0.545680919,0.686320151,
27:53.8,45.71889344,41.05481641,,0:07:13,0.553653902,0.686320151,
27:54.8,45.71712398,37.58653809,,0:07:14,0.551884435,0.686320151,
27:55.8,45.71602066,46.82367566,,0:07:15,0.550781121,0.686320151,
27:56.8,45.68752193,39.7610244,,0:07:16,0.522282394,0.686320151,
27:57.8,45.71729052,40.14165468,,0:07:17,0.552050979,0.686320151,
27:58.8,45.67369932,39.61027808,,0:07:18,0.508459774,0.686320151,
27:59.8,45.69382955,37.62126462,,0:07:19,0.528590009,0.686320151,
28:00.8,45.72020493,40.72234404,,0:07:20,0.55496539,0.686320151,
28:01.8,45.72299443,39.3113311,,0:07:21,0.557754887,0.686320151,
28:02.8,45.71697825,36.22887856,,0:07:22,0.551738707,0.686320151,
28:03.8,45.72405609,37.61543872,,0:07:23,0.558816549,0.686320151,
28:04.8,45.72085024,46.95995057,,0:07:24,0.555610703,0.686320151,
28:05.8,45.67650965,44.07513006,,0:07:25,0.51127011,0.686320151,
28:06.8,45.73140457,36.3268428,,0:07:26,0.566165033,0.686320151,
28:07.8,45.71375159,40.44205659,,0:07:27,0.548512046,0.686320151,
28:08.8,45.72901059,40.53214853,,0:07:28,0.563771045,0.686320151,
28:09.8,45.74651784,37.86416935,,0:07:29,0.581278303,0.686320151,
28:10.8,45.76256791,38.89162113,,0:07:30,0.597328367,0.686320151,
28:11.8,45.83413739,46.17691727,,0:07:31,0.668897852,0.686320151,
28:12.8,45.8436092,42.21532176,,0:07:32,0.678369659,0.686320151,
28:13.8,45.86461374,39.86425451,,0:07:33,0.699374196,0.686320151,
28:14.8,45.87999765,38.44155468,,0:07:34,0.714758109,0.686320151,
28:15.8,45.79785302,50.41845777,,0:07:35,0.632613478,0.686320151,
28:16.8,45.78992169,43.20996374,,0:07:36,0.624682149,0.686320151,
28:17.8,45.78446759,46.84136481,,0:07:37,0.619228045,0.686320151,
28:18.8,45.81754609,47.65339053,,0:07:38,0.65230655,0.686320151,
28:19.8,45.77645295,53.01117207,,0:07:39,0.611213409,0.686320151,
28:20.8,45.79785302,39.33066939,,0:07:40,0.632613478,0.686320151,
28:21.8,45.78694483,42.87525126,,0:07:41,0.621705293,0.686320151,
28:22.8,45.80869878,39.33540301,,0:07:42,0.643459242,0.686320151,
28:23.8,45.83315897,40.6640786,,0:07:43,0.667919428,0.686320151,
28:24.8,45.81188381,42.10263765,,0:07:44,0.646644272,0.686320151,
28:25.8,45.94009687,42.71691182,,0:07:45,0.774857332,0.686320151,
28:26.8,46.24438168,59.94333673,,0:07:46,1.07914214,0.686320151,
28:27.8,45.85774407,66.30649056,,0:07:47,0.692504528,0.686320151,
28:28.8,45.82543579,43.92728529,,0:07:48,0.66019625,0.686320151,
28:29.8,45.85759836,40.22050639,,0:07:49,0.692358823,0.686320151,
28:30.8,45.81304957,47.10679825,,0:07:50,0.647810032,0.686320151,
28:31.8,45.85918047,39.39908003,,0:07:51,0.69394093,0.686320151,
28:32.8,45.86192834,36.34384272,,0:07:52,0.696688797,0.686320151,
28:33.8,45.87127525,39.55282345,,0:07:53,0.706035714,0.686320151,
28:34.8,45.86875638,41.82171121,,0:07:54,0.703516836,0.686320151,
28:35.8,45.86584197,38.21241665,,0:07:55,0.700602424,0.686320151,
28:36.8,45.87937313,45.89434342,,0:07:56,0.714133587,0.686320151,
28:37.8,45.84608645,41.63281672,,0:07:57,0.680846907,0.686320151,
28:38.8,45.86448885,41.44997081,,0:07:58,0.699249306,0.686320151,
28:39.8,45.83282591,41.51126927,,0:07:59,0.667586364,0.686320151,
28:40.8,45.85759836,36.45267084,,0:08:00,0.692358823,0.686320151,
28:41.8,45.88201692,40.66644354,,0:08:01,0.716777379,0.686320151,
28:42.8,45.8838072,41.65037078,,0:08:02,0.71856766,0.686320151,
28:43.8,45.90739306,37.83953318,,0:08:03,0.742153521,0.686320151,
28:44.8,45.83603175,41.18958089,,0:08:04,0.670792209,0.686320151,
28:45.8,45.85947191,40.31554352,,0:08:05,0.694232364,0.686320151,
28:46.8,45.82760079,37.46895641,,0:08:06,0.662361249,0.686320151,
28:47.8,45.83809265,38.41657017,,0:08:07,0.67285311,0.686320151,
28:48.8,45.83954984,36.85889002,,0:08:08,0.674310303,0.686320151,
28:49.8,45.8426308,40.8072163,,0:08:09,0.677391258,0.686320151,
28:50.8,45.87876944,39.5462006,,0:08:10,0.713529904,0.686320151,
28:51.8,45.83800939,48.50489541,,0:08:11,0.672769849,0.686320151,
28:52.8,45.85676567,38.86936037,,0:08:12,0.691526127,0.686320151,
28:53.8,45.82626849,43.03572589,,0:08:13,0.661028945,0.686320151,
28:54.8,45.85589134,39.32861848,,0:08:14,0.690651802,0.686320151,
28:55.8,45.87127525,37.86690955,,0:08:15,0.706035714,0.686320151,
28:56.8,45.88112178,40.5630725,,0:08:16,0.715882238,0.686320151,
28:57.8,45.87862372,39.3540589,,0:08:17,0.713384175,0.686320151,
28:58.8,45.87943557,36.72885501,,0:08:18,0.714196032,0.686320151,
28:59.8,45.86255284,36.9059995,,0:08:19,0.697313296,0.686320151,
29:00.8,45.85395536,53.18171983,,0:08:20,0.688715815,0.686320151,
29:01.8,45.86328146,37.98702518,,0:08:21,0.698041916,0.686320151,
29:02.8,45.8377804,39.14814623,,0:08:22,0.67254086,0.686320151,
29:03.8,45.82753834,38.94946775,,0:08:23,0.662298803,0.686320151,
29:04.8,45.88869923,41.87453052,,0:08:24,0.723459688,0.686320151,
29:05.8,46.33495727,54.89985544,,0:08:25,1.169717731,0.686320151,
29:06.8,46.3800473,52.52883281,,0:08:26,1.21480776,0.686320151,
29:07.8,46.37132491,54.95996198,,0:08:27,1.206085366,0.686320151,
29:08.8,46.37263637,61.18511405,,0:08:28,1.207396831,0.686320151,
29:09.8,46.33772595,66.32008554,,0:08:29,1.172486414,0.686320151,
29:10.8,46.34465807,54.51620436,,0:08:30,1.179418527,0.686320151,
29:11.8,46.37407277,58.1781932,,0:08:31,1.208833233,0.686320151,
29:12.8,46.36747372,65.86851482,,0:08:32,1.202234184,0.686320151,
29:13.8,45.91800984,58.24152692,,0:08:33,0.752770296,0.686320151,
29:14.8,45.92404681,46.50376163,,0:08:34,0.758807268,0.686320151,
29:15.8,45.94682081,40.61236589,,0:08:35,0.781581272,0.686320151,
29:16.8,45.85830615,43.88635104,,0:08:36,0.693066605,0.686320151,
29:17.8,45.89538154,42.65301699,,0:08:37,0.730141998,0.686320151,
29:18.8,45.92186102,39.23730981,,0:08:38,0.756621477,0.686320151,
29:19.8,45.92258962,43.2939527,,0:08:39,0.757350074,0.686320151,
29:20.8,45.91061972,40.74012981,,0:08:40,0.745380181,0.686320151,
29:21.8,45.81966944,40.49166401,,0:08:41,0.654429896,0.686320151,
29:22.8,45.77653623,60.72786533,,0:08:42,0.611296692,0.686320151,
29:23.8,45.80341122,45.1744032,,0:08:43,0.638171681,0.686320151,
29:24.8,45.76664806,47.6355767,,0:08:44,0.601408514,0.686320151,
29:25.8,45.79439737,47.23017096,,0:08:45,0.629157829,0.686320151,
29:26.8,46.11525269,59.41223463,,0:08:46,0.950013148,0.686320151,
29:27.8,45.80118378,61.49672252,,0:08:47,0.635944237,0.686320151,
29:28.8,45.78276056,38.58823923,,0:08:48,0.617521024,0.686320151,
29:29.8,45.78667419,38.34402135,,0:08:49,0.621434651,0.686320151,
29:30.8,45.84506642,48.80341145,,0:08:50,0.679826876,0.686320151,
29:31.8,45.81050988,42.0385653,,0:08:51,0.645270338,0.686320151,
29:32.8,45.83805102,38.04858662,,0:08:52,0.672811479,0.686320151,
29:33.8,45.82599787,45.014581,,0:08:53,0.660758326,0.686320151,
29:34.8,45.84502476,44.6336197,,0:08:54,0.679785223,0.686320151,
29:35.8,45.83640647,39.1171551,,0:08:55,0.671166927,0.686320151,
29:36.8,45.86082502,38.91420521,,0:08:56,0.695585483,0.686320151,
29:37.8,45.85726528,51.34525828,,0:08:57,0.692025735,0.686320151,
29:38.8,45.87964375,41.55662878,,0:08:58,0.714404206,0.686320151,
29:39.8,45.88245408,36.52683052,,0:08:59,0.717214542,0.686320151,
29:40.8,45.88882414,38.43349856,,0:09:00,0.723584602,0.686320151,
29:41.8,45.93303985,38.20805817,,0:09:01,0.767800305,0.686320151,
29:42.8,45.8548505,42.72454367,,0:09:02,0.689610955,0.686320151,
29:43.8,45.85526682,39.16953275,,0:09:03,0.69002728,0.686320151,
29:44.8,45.85129075,36.977576,,0:09:04,0.686051208,0.686320151,
29:45.8,45.86078339,39.74373264,,0:09:05,0.695543853,0.686320151,
29:46.8,45.34258115,50.92888159,,0:09:06,0.177341607,0.686320151,
29:47.8,45.41419226,38.74874761,,0:09:07,0.248952722,0.686320151,
29:48.8,45.43128317,36.44417474,,0:09:08,0.266043632,0.686320151,
29:49.8,45.47728916,43.3057336,,0:09:09,0.312049617,0.686320151,
29:50.8,45.50102075,37.7760248,,0:09:10,0.335781206,0.686320151,
29:51.8,45.47085665,42.57132105,,0:09:11,0.305617112,0.686320151,
29:52.8,45.60702188,38.31400416,,0:09:12,0.44178234,0.686320151,
29:53.8,45.68319196,41.62530398,,0:09:13,0.517952419,0.686320151,
29:54.8,45.7310923,37.11623702,,0:09:14,0.56585276,0.686320151,
29:55.8,45.77992944,47.81305532,,0:09:15,0.614689896,0.686320151,
29:56.8,45.78977596,38.61255833,,0:09:16,0.62453642,0.686320151,
29:57.8,45.8180457,39.54968867,,0:09:17,0.652806158,0.686320151,
29:58.8,45.81023926,38.6799278,,0:09:18,0.644999719,0.686320151,
29:59.8,45.83892535,37.2299622,,0:09:19,0.673685805,0.686320151,
30:00.8,45.88971928,48.04330917,,0:09:20,0.724479743,0.686320151,
30:01.8,45.36319018,40.74792736,,0:09:21,0.197950634,0.686320151,
30:02.8,45.41783527,36.67264607,,0:09:22,0.25259573,0.686320151,
30:03.8,45.43919371,36.12519736,,0:09:23,0.27395417,0.686320151,
30:04.8,45.45443189,43.21341132,,0:09:24,0.289192353,0.686320151,
30:05.8,45.49531684,36.57452185,,0:09:25,0.330077298,0.686320151,
30:06.8,45.49829372,41.48267404,,0:09:26,0.333054178,0.686320151,
30:07.8,45.67405322,37.56721559,,0:09:27,0.508813677,0.686320151,
30:08.8,45.75607293,41.7794312,,0:09:28,0.590833393,0.686320151,
30:09.8,45.8169632,36.80279858,,0:09:29,0.651723659,0.686320151,
30:10.8,45.83811347,49.17392136,,0:09:30,0.672873925,0.686320151,
30:11.8,45.83303408,37.6447898,,0:09:31,0.667794538,0.686320151,
30:12.8,45.88022664,40.55610289,,0:09:32,0.714987097,0.686320151,
30:13.8,45.87606321,38.71494035,,0:09:33,0.710823666,0.686320151,
30:14.8,45.89017726,36.54863762,,0:09:34,0.72493772,0.686320151,
30:15.8,45.82749671,42.58151978,,0:09:35,0.662257173,0.686320151,
30:16.8,45.82585214,40.11378684,,0:09:36,0.660612597,0.686320151,
30:17.8,45.82560233,37.88028329,,0:09:37,0.660362793,0.686320151,
30:18.8,45.83261773,35.53922057,,0:09:38,0.66737819,0.686320151,
30:19.8,45.86552969,50.11212685,,0:09:39,0.700290152,0.686320151,
30:20.8,45.87681262,39.54571333,,0:09:40,0.711573078,0.686320151,
30:21.8,45.89540238,37.63482879,,0:09:41,0.730162836,0.686320151,
30:22.8,45.9134925,38.61005116,,0:09:42,0.748252962,0.686320151,
30:23.8,45.92898049,41.38085834,,0:09:43,0.76374095,0.686320151,
30:24.8,45.94782005,37.07299857,,0:09:44,0.782580511,0.686320151,
30:25.8,45.97153083,47.5578263,,0:09:45,0.806291285,0.686320151,
30:26.8,46.28893047,57.36333273,,0:09:46,1.123690931,0.686320151,
30:27.8,45.81357,55.09116415,,0:09:47,0.648330455,0.686320151,
30:28.8,45.79872735,42.55973473,,0:09:48,0.633487804,0.686320151,
30:29.8,45.84970864,42.29258867,,0:09:49,0.6844691,0.686320151,
30:30.8,45.77016617,47.91502605,,0:09:50,0.604926632,0.686320151,
30:31.8,45.78055394,41.49030766,,0:09:51,0.615314394,0.686320151,
30:32.8,45.74547697,39.50872298,,0:09:52,0.580237433,0.686320151,
30:33.8,45.75413695,37.42363181,,0:09:53,0.588897406,0.686320151,
30:34.8,45.76668971,53.12409786,,0:09:54,0.601450168,0.686320151,
30:35.8,45.77322629,36.96875808,,0:09:55,0.607986748,0.686320151,
30:36.8,45.82880818,36.51628814,,0:09:56,0.663568638,0.686320151,
30:37.8,45.83195158,39.11491159,,0:09:57,0.666712038,0.686320151,
30:38.8,45.84589909,44.222635,,0:09:58,0.680659549,0.686320151,
30:39.8,45.87808248,43.82465983,,0:09:59,0.712842937,0.686320151,
30:40.8,45.79464717,43.0129365,,0:10:00,0.629407633,0.686320151,
30:41.8,45.79960167,38.12408001,,0:10:01,0.63436213,0.686320151,
30:42.8,45.79329406,46.00340496,,0:10:02,0.628054515,0.686320151,
30:43.8,46.26607321,42.01020351,,0:10:03,1.100833668,0.686320151,
30:44.8,46.26902925,62.35343604,,0:10:04,1.103789709,0.686320151,
30:45.8,46.29861045,57.8425909,,0:10:05,1.133370912,0.686320151,
30:46.8,46.30770757,55.59860669,,0:10:06,1.142468024,0.686320151,
30:47.8,46.31135057,52.45884745,,0:10:07,1.146111032,0.686320151,
30:48.8,46.30826964,49.51714751,,0:10:08,1.143030101,0.686320151,
30:49.8,46.32103058,59.75403791,,0:10:09,1.155791036,0.686320151,
30:50.8,46.30966439,53.07436494,,0:10:10,1.144424849,0.686320151,
30:51.8,46.34440826,62.1752605,,0:10:11,1.179168723,0.686320151,
30:52.8,46.31278698,56.78276446,,0:10:12,1.147547434,0.686320151,
30:53.8,45.89835842,61.27488911,,0:10:13,0.733118877,0.686320151,
30:54.8,45.97848375,44.69182172,,0:10:14,0.813244214,0.686320151,
30:55.8,45.98770578,21.5746398,,0:10:15,0.82246624,0.686320151,
30:56.8,46.00741964,20.99916409,,0:10:16,0.842180103,0.686320151,
30:57.8,46.17062641,35.84144746,,0:10:17,1.005386864,0.686320151,
30:58.8,46.06581187,37.97759058,,0:10:18,0.900572329,0.686320151,
30:59.8,46.10249175,23.3482159,,0:10:19,0.937252213,0.686320151,
